ancillary_key,service_id,booking_key,service_type,quoted_price_usd,billed_status,service_date,revenue_leakage_flag,service_priority_tier,
1,ANC-SRV-88000,224,Car Hire Private,515.22,Unbilled-Leakage,2026-03-20 10:38:00+00:00,Leakage Risk,High Value,
2,ANC-SRV-88001,207,Airport Protocol,568.01,Unbilled-Leakage,2026-01-16 15:56:00+00:00,Leakage Risk,High Value,
3,ANC-SRV-88002,433,Car Hire Private,571.84,Pending,2026-03-23 10:59:00+00:00,Secure,High Value,
4,ANC-SRV-88003,373,Visa Advisory,241.31,Billed,2026-05-22 13:19:00+00:00,Secure,Standard Value,
5,ANC-SRV-88004,400,Airport Protocol,138.31,Billed,2026-08-12 07:53:00+00:00,Secure,Standard Value,
6,ANC-SRV-88005,416,Airport Protocol,325.35,Billed,2026-06-02 19:37:00+00:00,Secure,High Value,
7,ANC-SRV-88006,403,Airport Protocol,450.7,Billed,2026-04-04 21:57:00+00:00,Secure,High Value,
8,ANC-SRV-88007,36,Car Hire Private,183,Billed,2026-06-21 09:29:00+00:00,Secure,Standard Value,
9,ANC-SRV-88008,277,Car Hire Private,363.63,Billed,2026-04-16 06:51:00+00:00,Secure,High Value,
10,ANC-SRV-88009,116,Car Hire Private,104.51,Billed,Not Provided,Secure,Standard Value,
11,ANC-SRV-88010,2,Car Hire Private,367.97,Pending,2026-02-02 18:06:00+00:00,Secure,High Value,
12,ANC-SRV-88011,197,Visa Advisory,57.69,Pending,2026-05-22 20:20:00+00:00,Secure,Standard Value,
13,ANC-SRV-88012,489,Car Hire Private,169.35,Billed,2026-03-04 04:54:00+00:00,Secure,Standard Value,
14,ANC-SRV-88013,353,Visa Advisory,155.35,Unbilled-Leakage,Not Provided,Leakage Risk,Standard Value,
15,ANC-SRV-88014,419,Car Hire Private,205.02,Pending,Not Provided,Secure,Standard Value,
16,ANC-SRV-88015,400,Airport Protocol,545.91,Pending,Not Provided,Secure,High Value,
17,ANC-SRV-88016,247,Car Hire Private,345.42,Billed,2026-03-12 00:35:00+00:00,Secure,High Value,
18,ANC-SRV-88017,63,Visa Advisory,585.47,Pending,2026-06-14 16:56:00+00:00,Secure,High Value,
19,ANC-SRV-88018,291,Car Hire Private,104.28,Billed,Not Provided,Secure,Standard Value,
20,ANC-SRV-88019,275,Car Hire Private,167.71,Pending,2026-03-05 16:09:00+00:00,Secure,Standard Value,
21,ANC-SRV-88020,479,Airport Protocol,327.31,Pending,2026-02-26 16:55:00+00:00,Secure,High Value,
22,ANC-SRV-88021,184,Visa Advisory,439.27,Unbilled-Leakage,Not Provided,Leakage Risk,High Value,
23,ANC-SRV-88022,171,Visa Advisory,251.55,Unbilled-Leakage,Not Provided,Leakage Risk,Standard Value,
24,ANC-SRV-88023,350,Airport Protocol,374.16,Pending,Not Provided,Secure,High Value,
25,ANC-SRV-88024,156,Airport Protocol,291.82,Pending,2026-01-01 02:50:00+00:00,Secure,Standard Value,
26,ANC-SRV-88025,206,Airport Protocol,576.76,Pending,2026-09-12 11:33:00+00:00,Secure,High Value,
27,ANC-SRV-88026,29,Car Hire Private,149.47,Billed,2026-01-28 05:50:00+00:00,Secure,Standard Value,
28,ANC-SRV-88027,324,Visa Advisory,245.15,Unbilled-Leakage,Not Provided,Leakage Risk,Standard Value,
29,ANC-SRV-88028,491,Airport Protocol,258.79,Billed,2026-04-23 09:02:00+00:00,Secure,Standard Value,
30,ANC-SRV-88029,332,Airport Protocol,167.85,Billed,2026-06-02 19:37:00+00:00,Secure,Standard Value,
31,ANC-SRV-88030,47,Visa Advisory,175.15,Pending,Not Provided,Secure,Standard Value,
32,ANC-SRV-88031,188,Car Hire Private,112.07,Billed,Not Provided,Secure,Standard Value,
33,ANC-SRV-88032,274,Car Hire Private,591.54,Billed,Not Provided,Secure,High Value,
34,ANC-SRV-88033,437,Car Hire Private,117.99,Pending,2026-06-27 20:53:00+00:00,Secure,Standard Value,
35,ANC-SRV-88034,492,Visa Advisory,110.67,Billed,Not Provided,Secure,Standard Value,
36,ANC-SRV-88035,175,Car Hire Private,124.75,Billed,2026-05-19 01:59:00+00:00,Secure,Standard Value,
37,ANC-SRV-88036,42,Car Hire Private,469.25,Unbilled-Leakage,Not Provided,Leakage Risk,High Value,
38,ANC-SRV-88037,431,Visa Advisory,437.6,Unbilled-Leakage,2026-04-20 07:41:00+00:00,Leakage Risk,High Value,
39,ANC-SRV-88038,236,Visa Advisory,356.42,Pending,Not Provided,Secure,High Value,
40,ANC-SRV-88039,390,Airport Protocol,72.33,Unbilled-Leakage,2026-06-03 22:35:00+00:00,Leakage Risk,Standard Value,
41,ANC-SRV-88040,393,Visa Advisory,230.46,Unbilled-Leakage,2026-07-14 10:28:00+00:00,Leakage Risk,Standard Value,
42,ANC-SRV-88041,149,Car Hire Private,113.65,Unbilled-Leakage,2026-08-14 12:21:00+00:00,Leakage Risk,Standard Value,
43,ANC-SRV-88042,332,Visa Advisory,205.99,Billed,2026-01-21 17:31:00+00:00,Secure,Standard Value,
44,ANC-SRV-88043,104,Car Hire Private,380.21,Unbilled-Leakage,Not Provided,Leakage Risk,High Value,
45,ANC-SRV-88044,91,Airport Protocol,221.6,Billed,2026-08-10 18:30:00+00:00,Secure,Standard Value,
46,ANC-SRV-88045,284,Car Hire Private,586.9,Unbilled-Leakage,2026-08-22 16:23:00+00:00,Leakage Risk,High Value,
47,ANC-SRV-88046,21,Car Hire Private,294.18,Unbilled-Leakage,Not Provided,Leakage Risk,Standard Value,
48,ANC-SRV-88047,496,Car Hire Private,354.65,Billed,2026-03-16 01:42:00+00:00,Secure,High Value,
49,ANC-SRV-88048,197,Visa Advisory,209.82,Pending,2026-01-26 21:57:00+00:00,Secure,Standard Value,
50,ANC-SRV-88049,339,Car Hire Private,520.45,Billed,Not Provided,Secure,High Value,
51,ANC-SRV-88050,98,Visa Advisory,153.83,Billed,2026-05-03 09:07:00+00:00,Secure,Standard Value,
52,ANC-SRV-88051,154,Airport Protocol,88.29,Pending,2026-02-17 12:32:00+00:00,Secure,Standard Value,
53,ANC-SRV-88052,357,Airport Protocol,512.58,Unbilled-Leakage,2026-07-20 18:02:00+00:00,Leakage Risk,High Value,
54,ANC-SRV-88053,200,Airport Protocol,311.62,Billed,Not Provided,Secure,High Value,
55,ANC-SRV-88054,459,Car Hire Private,423.52,Pending,2026-03-26 15:08:00+00:00,Secure,High Value,
56,ANC-SRV-88055,55,Car Hire Private,148.61,Billed,2026-07-25 02:56:00+00:00,Secure,Standard Value,
57,ANC-SRV-88056,323,Airport Protocol,599.3,Pending,Not Provided,Secure,High Value,
58,ANC-SRV-88057,353,Airport Protocol,320.41,Unbilled-Leakage,2026-01-30 00:28:00+00:00,Leakage Risk,High Value,
59,ANC-SRV-88058,184,Visa Advisory,107.84,Unbilled-Leakage,2026-03-30 05:15:00+00:00,Leakage Risk,Standard Value,
60,ANC-SRV-88059,250,Visa Advisory,290.93,Billed,2026-01-06 08:13:00+00:00,Secure,Standard Value,
61,ANC-SRV-88060,44,Airport Protocol,412.2,Pending,2026-06-14 07:48:00+00:00,Secure,High Value,
62,ANC-SRV-88061,454,Airport Protocol,96.75,Pending,2026-08-11 06:52:00+00:00,Secure,Standard Value,
63,ANC-SRV-88062,324,Airport Protocol,128.85,Unbilled-Leakage,2026-07-14 10:28:00+00:00,Leakage Risk,Standard Value,
64,ANC-SRV-88063,225,Airport Protocol,270.34,Billed,2026-03-26 15:08:00+00:00,Secure,Standard Value,
65,ANC-SRV-88064,377,Car Hire Private,374.81,Pending,2026-01-20 12:56:00+00:00,Secure,High Value,
66,ANC-SRV-88065,98,Car Hire Private,105.95,Billed,2026-07-31 01:55:00+00:00,Secure,Standard Value,
67,ANC-SRV-88066,72,Visa Advisory,558.91,Billed,2026-02-15 22:42:00+00:00,Secure,High Value,
68,ANC-SRV-88067,19,Airport Protocol,587.82,Billed,2026-07-18 13:38:00+00:00,Secure,High Value,
69,ANC-SRV-88068,99,Car Hire Private,85.59,Pending,2026-07-10 08:37:00+00:00,Secure,Standard Value,
70,ANC-SRV-88069,13,Car Hire Private,586.36,Unbilled-Leakage,Not Provided,Leakage Risk,High Value,
71,ANC-SRV-88070,369,Car Hire Private,236.25,Unbilled-Leakage,2026-08-31 22:42:00+00:00,Leakage Risk,Standard Value,
72,ANC-SRV-88071,304,Car Hire Private,377.23,Pending,2026-04-28 06:57:00+00:00,Secure,High Value,
73,ANC-SRV-88072,123,Airport Protocol,594.86,Pending,2026-03-23 10:59:00+00:00,Secure,High Value,
74,ANC-SRV-88073,251,Airport Protocol,117.52,Unbilled-Leakage,2026-03-04 04:54:00+00:00,Leakage Risk,Standard Value,
75,ANC-SRV-88074,200,Car Hire Private,510.96,Pending,2026-08-03 07:20:00+00:00,Secure,High Value,
76,ANC-SRV-88075,33,Airport Protocol,448.86,Unbilled-Leakage,2026-05-05 18:33:00+00:00,Leakage Risk,High Value,
77,ANC-SRV-88076,406,Car Hire Private,203.19,Unbilled-Leakage,2026-08-10 12:01:00+00:00,Leakage Risk,Standard Value,
78,ANC-SRV-88077,277,Car Hire Private,442.42,Billed,2026-07-11 01:32:00+00:00,Secure,High Value,
79,ANC-SRV-88078,330,Visa Advisory,370.06,Pending,2026-02-20 07:08:00+00:00,Secure,High Value,
80,ANC-SRV-88079,158,Visa Advisory,200.14,Billed,Not Provided,Secure,Standard Value,
81,ANC-SRV-88080,256,Airport Protocol,484.22,Unbilled-Leakage,2026-07-06 01:52:00+00:00,Leakage Risk,High Value,
82,ANC-SRV-88081,274,Visa Advisory,404.11,Unbilled-Leakage,2026-02-01 22:08:00+00:00,Leakage Risk,High Value,
83,ANC-SRV-88082,495,Visa Advisory,270.13,Pending,2026-09-12 11:33:00+00:00,Secure,Standard Value,
84,ANC-SRV-88083,428,Airport Protocol,311.7,Pending,2026-05-19 02:36:00+00:00,Secure,High Value,
85,ANC-SRV-88084,416,Visa Advisory,381.74,Unbilled-Leakage,2026-07-30 00:01:00+00:00,Leakage Risk,High Value,
86,ANC-SRV-88085,231,Airport Protocol,272.44,Unbilled-Leakage,2026-07-13 12:05:00+00:00,Leakage Risk,Standard Value,
87,ANC-SRV-88086,495,Visa Advisory,316.49,Unbilled-Leakage,2026-08-29 09:34:00+00:00,Leakage Risk,High Value,
88,ANC-SRV-88087,9,Visa Advisory,203.39,Billed,2026-04-15 04:34:00+00:00,Secure,Standard Value,
89,ANC-SRV-88088,19,Visa Advisory,472.4,Billed,Not Provided,Secure,High Value,
90,ANC-SRV-88089,174,Airport Protocol,109.42,Billed,2026-06-19 12:48:00+00:00,Secure,Standard Value,
91,ANC-SRV-88090,29,Visa Advisory,187.88,Unbilled-Leakage,2026-09-12 11:33:00+00:00,Leakage Risk,Standard Value,
92,ANC-SRV-88091,173,Car Hire Private,323.5,Pending,2026-05-07 23:40:00+00:00,Secure,High Value,
93,ANC-SRV-88092,404,Visa Advisory,395.6,Pending,2026-05-25 09:43:00+00:00,Secure,High Value,
94,ANC-SRV-88093,370,Airport Protocol,124.03,Billed,2026-03-22 23:27:00+00:00,Secure,Standard Value,
95,ANC-SRV-88094,22,Visa Advisory,104.78,Unbilled-Leakage,2026-03-31 13:56:00+00:00,Leakage Risk,Standard Value,
96,ANC-SRV-88095,208,Visa Advisory,79.07,Billed,2026-01-16 04:54:00+00:00,Secure,Standard Value,
97,ANC-SRV-88096,61,Car Hire Private,87.53,Unbilled-Leakage,2026-08-16 02:36:00+00:00,Leakage Risk,Standard Value,
98,ANC-SRV-88097,109,Car Hire Private,422.96,Unbilled-Leakage,2026-02-24 08:39:00+00:00,Leakage Risk,High Value,
99,ANC-SRV-88098,414,Visa Advisory,584.64,Pending,2026-06-14 16:12:00+00:00,Secure,High Value,
100,ANC-SRV-88099,335,Airport Protocol,260.45,Billed,2026-05-19 02:36:00+00:00,Secure,Standard Value,
101,ANC-SRV-88100,342,Airport Protocol,423.56,Pending,Not Provided,Secure,High Value,
102,ANC-SRV-88101,268,Car Hire Private,134.01,Pending,2026-05-03 17:20:00+00:00,Secure,Standard Value,
103,ANC-SRV-88102,235,Car Hire Private,392.08,Billed,2026-07-12 05:48:00+00:00,Secure,High Value,
104,ANC-SRV-88103,482,Visa Advisory,102.98,Billed,2026-02-08 23:46:00+00:00,Secure,Standard Value,
105,ANC-SRV-88104,348,Airport Protocol,92.08,Pending,2026-04-25 23:55:00+00:00,Secure,Standard Value,
106,ANC-SRV-88105,446,Airport Protocol,463.39,Billed,2026-05-19 01:59:00+00:00,Secure,High Value,
107,ANC-SRV-88106,448,Airport Protocol,472.16,Billed,2026-07-11 01:32:00+00:00,Secure,High Value,
108,ANC-SRV-88107,275,Airport Protocol,486,Billed,2026-02-27 18:07:00+00:00,Secure,High Value,
109,ANC-SRV-88108,77,Car Hire Private,161.06,Billed,2026-01-31 12:32:00+00:00,Secure,Standard Value,
110,ANC-SRV-88109,380,Car Hire Private,414.15,Pending,2026-06-22 16:53:00+00:00,Secure,High Value,
111,ANC-SRV-88110,297,Visa Advisory,319.64,Pending,2026-01-17 14:03:00+00:00,Secure,High Value,
112,ANC-SRV-88111,120,Airport Protocol,193.92,Pending,2026-04-26 11:33:00+00:00,Secure,Standard Value,
113,ANC-SRV-88112,474,Visa Advisory,238.99,Unbilled-Leakage,2026-01-05 04:42:00+00:00,Leakage Risk,Standard Value,
114,ANC-SRV-88113,37,Visa Advisory,522.82,Unbilled-Leakage,2026-04-24 16:47:00+00:00,Leakage Risk,High Value,
115,ANC-SRV-88114,19,Visa Advisory,350.64,Billed,2026-05-03 17:20:00+00:00,Secure,High Value,
116,ANC-SRV-88115,377,Visa Advisory,573.92,Billed,2026-04-14 04:21:00+00:00,Secure,High Value,
117,ANC-SRV-88116,73,Car Hire Private,67.38,Pending,Not Provided,Secure,Standard Value,
118,ANC-SRV-88117,251,Car Hire Private,286.72,Pending,Not Provided,Secure,Standard Value,
119,ANC-SRV-88118,335,Airport Protocol,553.22,Pending,2026-04-15 13:32:00+00:00,Secure,High Value,
120,ANC-SRV-88119,10,Airport Protocol,261,Unbilled-Leakage,Not Provided,Leakage Risk,Standard Value,
121,ANC-SRV-88120,242,Car Hire Private,223.01,Pending,2026-05-25 09:43:00+00:00,Secure,Standard Value,
122,ANC-SRV-88121,465,Airport Protocol,256.99,Unbilled-Leakage,2026-01-06 08:13:00+00:00,Leakage Risk,Standard Value,
123,ANC-SRV-88122,471,Car Hire Private,302.81,Unbilled-Leakage,2026-08-08 08:35:00+00:00,Leakage Risk,High Value,
124,ANC-SRV-88123,317,Car Hire Private,68.07,Billed,2026-04-15 13:32:00+00:00,Secure,Standard Value,
125,ANC-SRV-88124,24,Airport Protocol,356.17,Pending,2026-07-08 14:31:00+00:00,Secure,High Value,
126,ANC-SRV-88125,125,Airport Protocol,523.2,Unbilled-Leakage,2026-01-05 22:10:00+00:00,Leakage Risk,High Value,
127,ANC-SRV-88126,360,Car Hire Private,216.67,Billed,2026-06-10 13:07:00+00:00,Secure,Standard Value,
128,ANC-SRV-88127,333,Car Hire Private,438.33,Pending,2026-08-31 18:35:00+00:00,Secure,High Value,
129,ANC-SRV-88128,67,Car Hire Private,320.31,Unbilled-Leakage,2026-04-08 09:22:00+00:00,Leakage Risk,High Value,
130,ANC-SRV-88129,8,Car Hire Private,123.97,Billed,2026-09-11 08:20:00+00:00,Secure,Standard Value,
131,ANC-SRV-88130,89,Car Hire Private,443.65,Pending,2026-05-22 13:19:00+00:00,Secure,High Value,
132,ANC-SRV-88131,324,Airport Protocol,318.1,Pending,2026-02-01 17:37:00+00:00,Secure,High Value,
133,ANC-SRV-88132,26,Airport Protocol,110.16,Pending,2026-09-08 11:48:00+00:00,Secure,Standard Value,
134,ANC-SRV-88133,464,Airport Protocol,421.26,Pending,2026-07-29 16:01:00+00:00,Secure,High Value,
135,ANC-SRV-88134,158,Car Hire Private,413.04,Pending,2026-01-26 21:19:00+00:00,Secure,High Value,
136,ANC-SRV-88135,421,Visa Advisory,426.96,Unbilled-Leakage,2026-02-08 18:36:00+00:00,Leakage Risk,High Value,
137,ANC-SRV-88136,407,Airport Protocol,364.72,Unbilled-Leakage,Not Provided,Leakage Risk,High Value,
138,ANC-SRV-88137,50,Visa Advisory,311.75,Pending,2026-02-25 13:02:00+00:00,Secure,High Value,
139,ANC-SRV-88138,234,Airport Protocol,519.89,Billed,2026-02-08 05:11:00+00:00,Secure,High Value,
140,ANC-SRV-88139,313,Visa Advisory,328.68,Pending,2026-04-14 04:21:00+00:00,Secure,High Value,
141,ANC-SRV-88140,88,Airport Protocol,265.26,Pending,2026-08-09 20:10:00+00:00,Secure,Standard Value,
142,ANC-SRV-88141,428,Airport Protocol,322.08,Unbilled-Leakage,2026-01-07 07:02:00+00:00,Leakage Risk,High Value,
143,ANC-SRV-88142,303,Airport Protocol,583.98,Billed,2026-06-25 05:07:00+00:00,Secure,High Value,
144,ANC-SRV-88143,33,Visa Advisory,389.32,Pending,Not Provided,Secure,High Value,
145,ANC-SRV-88144,419,Visa Advisory,244.02,Unbilled-Leakage,2026-06-04 04:42:00+00:00,Leakage Risk,Standard Value,
146,ANC-SRV-88145,419,Airport Protocol,587.78,Pending,2026-09-09 18:50:00+00:00,Secure,High Value,
147,ANC-SRV-88146,55,Airport Protocol,226.27,Billed,2026-06-19 18:54:00+00:00,Secure,Standard Value,
148,ANC-SRV-88147,59,Airport Protocol,65.48,Billed,2026-07-30 00:01:00+00:00,Secure,Standard Value,
149,ANC-SRV-88148,255,Visa Advisory,74.82,Unbilled-Leakage,2026-02-21 10:13:00+00:00,Leakage Risk,Standard Value,
150,ANC-SRV-88149,305,Car Hire Private,510.31,Pending,2026-06-25 13:36:00+00:00,Secure,High Value,
151,ANC-SRV-88150,410,Visa Advisory,241.88,Pending,2026-01-25 22:07:00+00:00,Secure,Standard Value,
152,ANC-SRV-88151,316,Car Hire Private,458.13,Unbilled-Leakage,Not Provided,Leakage Risk,High Value,
153,ANC-SRV-88152,113,Car Hire Private,64.79,Billed,2026-06-10 13:07:00+00:00,Secure,Standard Value,
154,ANC-SRV-88153,33,Airport Protocol,540.24,Unbilled-Leakage,2026-02-14 09:52:00+00:00,Leakage Risk,High Value,
155,ANC-SRV-88154,412,Visa Advisory,237.69,Unbilled-Leakage,Not Provided,Leakage Risk,Standard Value,
156,ANC-SRV-88155,104,Visa Advisory,103.54,Unbilled-Leakage,Not Provided,Leakage Risk,Standard Value,
157,ANC-SRV-88156,219,Car Hire Private,239.83,Billed,2026-02-13 03:53:00+00:00,Secure,Standard Value,
158,ANC-SRV-88157,173,Car Hire Private,246.55,Pending,2026-09-12 11:33:00+00:00,Secure,Standard Value,
159,ANC-SRV-88158,416,Car Hire Private,243.2,Unbilled-Leakage,2026-08-31 18:35:00+00:00,Leakage Risk,Standard Value,
160,ANC-SRV-88159,428,Visa Advisory,413.68,Unbilled-Leakage,2026-04-15 10:41:00+00:00,Leakage Risk,High Value,
161,ANC-SRV-88160,378,Visa Advisory,186.19,Unbilled-Leakage,2026-01-24 01:08:00+00:00,Leakage Risk,Standard Value,
162,ANC-SRV-88161,348,Visa Advisory,406.45,Unbilled-Leakage,2026-06-07 14:23:00+00:00,Leakage Risk,High Value,
163,ANC-SRV-88162,206,Visa Advisory,375.89,Billed,2026-01-29 09:42:00+00:00,Secure,High Value,
164,ANC-SRV-88163,167,Visa Advisory,550.71,Pending,Not Provided,Secure,High Value,
165,ANC-SRV-88164,62,Airport Protocol,86.03,Pending,Not Provided,Secure,Standard Value,
166,ANC-SRV-88165,500,Car Hire Private,217.7,Pending,2026-05-25 03:50:00+00:00,Secure,Standard Value,
167,ANC-SRV-88166,351,Visa Advisory,235.68,Billed,Not Provided,Secure,Standard Value,
168,ANC-SRV-88167,295,Airport Protocol,60.84,Pending,2026-05-10 21:09:00+00:00,Secure,Standard Value,
169,ANC-SRV-88168,280,Airport Protocol,229.36,Pending,2026-09-11 08:20:00+00:00,Secure,Standard Value,
170,ANC-SRV-88169,71,Airport Protocol,303.5,Billed,2026-07-17 16:28:00+00:00,Secure,High Value,
171,ANC-SRV-88170,165,Visa Advisory,524.85,Billed,2026-01-26 21:57:00+00:00,Secure,High Value,
172,ANC-SRV-88171,429,Visa Advisory,362.43,Unbilled-Leakage,2026-08-31 01:11:00+00:00,Leakage Risk,High Value,
173,ANC-SRV-88172,494,Car Hire Private,545.78,Pending,Not Provided,Secure,High Value,
174,ANC-SRV-88173,407,Car Hire Private,196.64,Billed,Not Provided,Secure,Standard Value,
175,ANC-SRV-88174,110,Visa Advisory,432.78,Unbilled-Leakage,Not Provided,Leakage Risk,High Value,
176,ANC-SRV-88175,392,Car Hire Private,373.39,Pending,Not Provided,Secure,High Value,
177,ANC-SRV-88176,24,Airport Protocol,592.17,Pending,2026-08-29 09:34:00+00:00,Secure,High Value,
178,ANC-SRV-88177,304,Airport Protocol,257.76,Unbilled-Leakage,Not Provided,Leakage Risk,Standard Value,
179,ANC-SRV-88178,89,Visa Advisory,264.67,Billed,Not Provided,Secure,Standard Value,
180,ANC-SRV-88179,172,Airport Protocol,364.9,Unbilled-Leakage,2026-03-26 15:08:00+00:00,Leakage Risk,High Value,
181,ANC-SRV-88180,33,Airport Protocol,494.58,Billed,2026-06-25 17:22:00+00:00,Secure,High Value,
182,ANC-SRV-88181,62,Car Hire Private,105.03,Billed,2026-07-16 02:46:00+00:00,Secure,Standard Value,
183,ANC-SRV-88182,141,Visa Advisory,421.31,Unbilled-Leakage,2026-07-13 12:05:00+00:00,Leakage Risk,High Value,
184,ANC-SRV-88183,73,Car Hire Private,234.78,Billed,2026-02-17 12:32:00+00:00,Secure,Standard Value,
185,ANC-SRV-88184,388,Airport Protocol,326.52,Unbilled-Leakage,2026-06-13 23:55:00+00:00,Leakage Risk,High Value,
186,ANC-SRV-88185,213,Visa Advisory,470.7,Pending,Not Provided,Secure,High Value,
187,ANC-SRV-88186,87,Visa Advisory,236.75,Pending,2026-08-31 03:19:00+00:00,Secure,Standard Value,
188,ANC-SRV-88187,357,Airport Protocol,388.16,Billed,Not Provided,Secure,High Value,
189,ANC-SRV-88188,190,Airport Protocol,249.83,Pending,2026-05-03 09:07:00+00:00,Secure,Standard Value,
190,ANC-SRV-88189,284,Visa Advisory,289.8,Unbilled-Leakage,Not Provided,Leakage Risk,Standard Value,
191,ANC-SRV-88190,85,Airport Protocol,323.32,Unbilled-Leakage,Not Provided,Leakage Risk,High Value,
192,ANC-SRV-88191,225,Airport Protocol,516.03,Unbilled-Leakage,Not Provided,Leakage Risk,High Value,
193,ANC-SRV-88192,125,Visa Advisory,482.93,Pending,Not Provided,Secure,High Value,
194,ANC-SRV-88193,474,Visa Advisory,512.21,Pending,2026-06-16 06:29:00+00:00,Secure,High Value,
195,ANC-SRV-88194,298,Car Hire Private,344.71,Pending,2026-09-13 14:20:00+00:00,Secure,High Value,
196,ANC-SRV-88195,21,Car Hire Private,208.05,Unbilled-Leakage,2026-07-09 10:26:00+00:00,Leakage Risk,Standard Value,
197,ANC-SRV-88196,69,Car Hire Private,76.14,Billed,Not Provided,Secure,Standard Value,
198,ANC-SRV-88197,52,Airport Protocol,597.93,Unbilled-Leakage,2026-03-09 12:55:00+00:00,Leakage Risk,High Value,
199,ANC-SRV-88198,406,Car Hire Private,271.12,Billed,2026-03-22 23:27:00+00:00,Secure,Standard Value,
200,ANC-SRV-88199,434,Car Hire Private,174.24,Billed,2026-02-27 18:07:00+00:00,Secure,Standard Value,
201,ANC-SRV-88200,324,Airport Protocol,458.59,Unbilled-Leakage,2026-05-22 20:08:00+00:00,Leakage Risk,High Value,
202,ANC-SRV-88201,314,Airport Protocol,100.58,Unbilled-Leakage,2026-07-18 16:26:00+00:00,Leakage Risk,Standard Value,
203,ANC-SRV-88202,193,Airport Protocol,514.3,Pending,2026-05-28 22:42:00+00:00,Secure,High Value,
204,ANC-SRV-88203,399,Car Hire Private,102.1,Billed,2026-06-12 16:14:00+00:00,Secure,Standard Value,
205,ANC-SRV-88204,81,Car Hire Private,235.26,Billed,2026-05-08 17:38:00+00:00,Secure,Standard Value,
206,ANC-SRV-88205,9,Visa Advisory,87,Pending,2026-01-17 14:03:00+00:00,Secure,Standard Value,
207,ANC-SRV-88206,451,Car Hire Private,490.65,Billed,2026-01-28 05:50:00+00:00,Secure,High Value,
208,ANC-SRV-88207,250,Car Hire Private,311.4,Billed,Not Provided,Secure,High Value,
209,ANC-SRV-88208,42,Airport Protocol,165.36,Pending,2026-05-25 03:50:00+00:00,Secure,Standard Value,
210,ANC-SRV-88209,4,Airport Protocol,487.61,Unbilled-Leakage,2026-01-20 00:19:00+00:00,Leakage Risk,High Value,
211,ANC-SRV-88210,4,Car Hire Private,408.35,Pending,2026-04-20 06:52:00+00:00,Secure,High Value,
212,ANC-SRV-88211,92,Visa Advisory,216.02,Pending,2026-01-31 12:32:00+00:00,Secure,Standard Value,
213,ANC-SRV-88212,475,Car Hire Private,492.27,Unbilled-Leakage,2026-09-02 16:24:00+00:00,Leakage Risk,High Value,
214,ANC-SRV-88213,46,Airport Protocol,288.1,Unbilled-Leakage,2026-02-21 04:48:00+00:00,Leakage Risk,Standard Value,
215,ANC-SRV-88214,362,Visa Advisory,346.97,Pending,2026-08-31 01:11:00+00:00,Secure,High Value,
216,ANC-SRV-88215,334,Visa Advisory,160.04,Unbilled-Leakage,2026-01-25 01:06:00+00:00,Leakage Risk,Standard Value,
217,ANC-SRV-88216,304,Car Hire Private,271.27,Pending,2026-06-25 17:22:00+00:00,Secure,Standard Value,
218,ANC-SRV-88217,455,Car Hire Private,393.73,Unbilled-Leakage,2026-08-06 03:13:00+00:00,Leakage Risk,High Value,
219,ANC-SRV-88218,146,Visa Advisory,299.28,Pending,2026-08-23 00:50:00+00:00,Secure,Standard Value,
220,ANC-SRV-88219,214,Airport Protocol,469.89,Pending,2026-02-03 09:44:00+00:00,Secure,High Value,
221,ANC-SRV-88220,356,Visa Advisory,149.33,Billed,2026-07-17 04:53:00+00:00,Secure,Standard Value,
222,ANC-SRV-88221,414,Airport Protocol,60.23,Billed,2026-08-22 16:23:00+00:00,Secure,Standard Value,
223,ANC-SRV-88222,406,Car Hire Private,436.83,Billed,2026-04-27 23:03:00+00:00,Secure,High Value,
224,ANC-SRV-88223,396,Visa Advisory,524.49,Billed,2026-03-17 03:48:00+00:00,Secure,High Value,
225,ANC-SRV-88224,244,Airport Protocol,367.26,Unbilled-Leakage,2026-08-04 11:57:00+00:00,Leakage Risk,High Value,
226,ANC-SRV-88225,355,Airport Protocol,167.12,Unbilled-Leakage,2026-03-08 18:54:00+00:00,Leakage Risk,Standard Value,
227,ANC-SRV-88226,65,Visa Advisory,579.16,Pending,Not Provided,Secure,High Value,
228,ANC-SRV-88227,106,Airport Protocol,458.21,Unbilled-Leakage,2026-07-18 17:07:00+00:00,Leakage Risk,High Value,
229,ANC-SRV-88228,74,Visa Advisory,307.01,Billed,2026-01-05 15:58:00+00:00,Secure,High Value,
230,ANC-SRV-88229,328,Car Hire Private,565.44,Pending,Not Provided,Secure,High Value,
231,ANC-SRV-88230,139,Car Hire Private,343,Unbilled-Leakage,2026-03-20 10:38:00+00:00,Leakage Risk,High Value,
232,ANC-SRV-88231,268,Visa Advisory,387.93,Billed,Not Provided,Secure,High Value,
233,ANC-SRV-88232,231,Car Hire Private,473.02,Billed,Not Provided,Secure,High Value,
234,ANC-SRV-88233,211,Car Hire Private,288.55,Pending,2026-03-16 01:42:00+00:00,Secure,Standard Value,
235,ANC-SRV-88234,123,Visa Advisory,361.36,Billed,2026-04-20 21:21:00+00:00,Secure,High Value,
236,ANC-SRV-88235,481,Airport Protocol,394.72,Billed,2026-04-27 23:03:00+00:00,Secure,High Value,
237,ANC-SRV-88236,90,Visa Advisory,337.25,Billed,2026-07-16 04:26:00+00:00,Secure,High Value,
238,ANC-SRV-88237,313,Visa Advisory,250.35,Unbilled-Leakage,2026-08-13 05:39:00+00:00,Leakage Risk,Standard Value,
239,ANC-SRV-88238,355,Visa Advisory,131.26,Pending,2026-03-30 17:10:00+00:00,Secure,Standard Value,
240,ANC-SRV-88239,20,Car Hire Private,132.76,Pending,2026-06-22 16:53:00+00:00,Secure,Standard Value,
241,ANC-SRV-88240,306,Airport Protocol,426.92,Unbilled-Leakage,2026-07-14 04:52:00+00:00,Leakage Risk,High Value,
242,ANC-SRV-88241,93,Car Hire Private,215.15,Pending,Not Provided,Secure,Standard Value,
243,ANC-SRV-88242,368,Car Hire Private,289.46,Unbilled-Leakage,2026-03-11 18:06:00+00:00,Leakage Risk,Standard Value,
244,ANC-SRV-88243,256,Visa Advisory,225.26,Unbilled-Leakage,2026-05-10 11:17:00+00:00,Leakage Risk,Standard Value,
245,ANC-SRV-88244,314,Car Hire Private,506.62,Unbilled-Leakage,2026-06-27 22:04:00+00:00,Leakage Risk,High Value,
246,ANC-SRV-88245,487,Airport Protocol,85.44,Unbilled-Leakage,2026-03-27 11:08:00+00:00,Leakage Risk,Standard Value,
247,ANC-SRV-88246,46,Visa Advisory,161.96,Pending,2026-09-01 15:41:00+00:00,Secure,Standard Value,
248,ANC-SRV-88247,322,Airport Protocol,276.84,Pending,2026-04-27 23:03:00+00:00,Secure,Standard Value,
249,ANC-SRV-88248,424,Airport Protocol,503.04,Unbilled-Leakage,2026-04-24 16:47:00+00:00,Leakage Risk,High Value,
250,ANC-SRV-88249,401,Car Hire Private,405.32,Unbilled-Leakage,2026-01-17 05:59:00+00:00,Leakage Risk,High Value,
251,ANC-SRV-88250,155,Car Hire Private,191.05,Pending,2026-04-24 14:23:00+00:00,Secure,Standard Value,
252,ANC-SRV-88251,179,Car Hire Private,380.68,Unbilled-Leakage,2026-05-19 01:59:00+00:00,Leakage Risk,High Value,
253,ANC-SRV-88252,215,Visa Advisory,273.23,Unbilled-Leakage,Not Provided,Leakage Risk,Standard Value,
254,ANC-SRV-88253,3,Car Hire Private,112.46,Unbilled-Leakage,2026-02-21 04:48:00+00:00,Leakage Risk,Standard Value,
255,ANC-SRV-88254,286,Airport Protocol,155.55,Unbilled-Leakage,2026-08-16 02:36:00+00:00,Leakage Risk,Standard Value,
256,ANC-SRV-88255,121,Airport Protocol,185.07,Pending,2026-08-11 20:27:00+00:00,Secure,Standard Value,
257,ANC-SRV-88256,99,Visa Advisory,504.98,Pending,2026-04-20 06:52:00+00:00,Secure,High Value,
258,ANC-SRV-88257,61,Car Hire Private,305.29,Billed,2026-02-10 11:59:00+00:00,Secure,High Value,
259,ANC-SRV-88258,272,Airport Protocol,357.9,Billed,2026-06-25 13:36:00+00:00,Secure,High Value,
260,ANC-SRV-88259,49,Airport Protocol,289.87,Billed,Not Provided,Secure,Standard Value,
261,ANC-SRV-88260,317,Airport Protocol,405.81,Billed,2026-08-23 18:47:00+00:00,Secure,High Value,
262,ANC-SRV-88261,186,Airport Protocol,70.35,Billed,Not Provided,Secure,Standard Value,
263,ANC-SRV-88262,442,Visa Advisory,137.65,Billed,2026-04-11 23:12:00+00:00,Secure,Standard Value,
264,ANC-SRV-88263,390,Airport Protocol,125.04,Billed,2026-02-25 13:02:00+00:00,Secure,Standard Value,
265,ANC-SRV-88264,277,Airport Protocol,192.12,Unbilled-Leakage,2026-01-17 05:59:00+00:00,Leakage Risk,Standard Value,
266,ANC-SRV-88265,260,Airport Protocol,491.95,Billed,2026-02-24 08:39:00+00:00,Secure,High Value,
267,ANC-SRV-88266,113,Airport Protocol,412.27,Billed,2026-07-30 00:01:00+00:00,Secure,High Value,
268,ANC-SRV-88267,238,Airport Protocol,146.79,Billed,2026-03-10 20:55:00+00:00,Secure,Standard Value,
269,ANC-SRV-88268,395,Car Hire Private,518.89,Pending,2026-03-23 12:43:00+00:00,Secure,High Value,
270,ANC-SRV-88269,321,Visa Advisory,580.08,Unbilled-Leakage,2026-01-05 09:26:00+00:00,Leakage Risk,High Value,
271,ANC-SRV-88270,338,Visa Advisory,317.21,Billed,Not Provided,Secure,High Value,
272,ANC-SRV-88271,107,Car Hire Private,60.95,Unbilled-Leakage,2026-05-08 17:38:00+00:00,Leakage Risk,Standard Value,
273,ANC-SRV-88272,142,Airport Protocol,522.77,Billed,Not Provided,Secure,High Value,
274,ANC-SRV-88273,28,Car Hire Private,96.16,Pending,2026-02-26 06:01:00+00:00,Secure,Standard Value,
275,ANC-SRV-88274,100,Airport Protocol,380.88,Unbilled-Leakage,2026-05-30 18:50:00+00:00,Leakage Risk,High Value,
276,ANC-SRV-88275,58,Airport Protocol,526.94,Unbilled-Leakage,2026-06-10 05:25:00+00:00,Leakage Risk,High Value,
277,ANC-SRV-88276,408,Airport Protocol,545.32,Billed,2026-05-16 20:13:00+00:00,Secure,High Value,
278,ANC-SRV-88277,77,Visa Advisory,273.85,Billed,2026-05-01 02:29:00+00:00,Secure,Standard Value,
279,ANC-SRV-88278,351,Car Hire Private,249.89,Pending,2026-09-18 07:07:00+00:00,Secure,Standard Value,
280,ANC-SRV-88279,433,Airport Protocol,411.59,Pending,Not Provided,Secure,High Value,
281,ANC-SRV-88280,496,Car Hire Private,99.67,Billed,2026-03-26 14:22:00+00:00,Secure,Standard Value,
282,ANC-SRV-88281,467,Airport Protocol,568.74,Pending,2026-06-10 13:07:00+00:00,Secure,High Value,
283,ANC-SRV-88282,243,Visa Advisory,448.33,Pending,2026-05-04 18:53:00+00:00,Secure,High Value,
284,ANC-SRV-88283,255,Car Hire Private,127.31,Billed,2026-02-08 18:36:00+00:00,Secure,Standard Value,
285,ANC-SRV-88284,91,Car Hire Private,111.56,Billed,2026-02-02 17:25:00+00:00,Secure,Standard Value,
286,ANC-SRV-88285,82,Visa Advisory,453.96,Billed,2026-08-10 18:30:00+00:00,Secure,High Value,
287,ANC-SRV-88286,344,Visa Advisory,563.11,Billed,2026-05-18 09:17:00+00:00,Secure,High Value,
288,ANC-SRV-88287,473,Visa Advisory,337.08,Unbilled-Leakage,2026-07-31 01:55:00+00:00,Leakage Risk,High Value,
289,ANC-SRV-88288,23,Airport Protocol,505.94,Unbilled-Leakage,2026-02-13 03:53:00+00:00,Leakage Risk,High Value,
290,ANC-SRV-88289,28,Airport Protocol,572.32,Pending,2026-07-16 02:46:00+00:00,Secure,High Value,
291,ANC-SRV-88290,331,Car Hire Private,562.36,Pending,Not Provided,Secure,High Value,
292,ANC-SRV-88291,187,Airport Protocol,188.49,Pending,2026-02-20 07:08:00+00:00,Secure,Standard Value,
293,ANC-SRV-88292,146,Visa Advisory,536.51,Billed,2026-02-08 23:46:00+00:00,Secure,High Value,
294,ANC-SRV-88293,108,Car Hire Private,180.94,Pending,2026-07-03 15:34:00+00:00,Secure,Standard Value,
295,ANC-SRV-88294,223,Airport Protocol,117.25,Unbilled-Leakage,2026-05-16 19:30:00+00:00,Leakage Risk,Standard Value,
296,ANC-SRV-88295,129,Visa Advisory,493.68,Billed,Not Provided,Secure,High Value,
297,ANC-SRV-88296,172,Visa Advisory,231.11,Billed,2026-05-21 09:07:00+00:00,Secure,Standard Value,
298,ANC-SRV-88297,316,Airport Protocol,371.38,Pending,2026-01-31 12:32:00+00:00,Secure,High Value,
299,ANC-SRV-88298,413,Car Hire Private,264.47,Unbilled-Leakage,2026-03-22 23:27:00+00:00,Leakage Risk,Standard Value,
300,ANC-SRV-88299,456,Airport Protocol,461.61,Pending,Not Provided,Secure,High Value,
301,ANC-SRV-88300,389,Airport Protocol,179.77,Billed,2026-06-02 06:09:00+00:00,Secure,Standard Value,
302,ANC-SRV-88301,233,Visa Advisory,282.58,Pending,2026-02-17 23:29:00+00:00,Secure,Standard Value,
303,ANC-SRV-88302,23,Car Hire Private,129.35,Billed,2026-02-21 10:13:00+00:00,Secure,Standard Value,
304,ANC-SRV-88303,54,Airport Protocol,146.33,Billed,2026-07-08 14:31:00+00:00,Secure,Standard Value,
305,ANC-SRV-88304,380,Car Hire Private,583.46,Unbilled-Leakage,2026-02-21 13:21:00+00:00,Leakage Risk,High Value,
306,ANC-SRV-88305,27,Car Hire Private,291.71,Unbilled-Leakage,2026-09-11 05:04:00+00:00,Leakage Risk,Standard Value,
307,ANC-SRV-88306,474,Visa Advisory,189.87,Pending,2026-09-17 12:08:00+00:00,Secure,Standard Value,
308,ANC-SRV-88307,276,Visa Advisory,374.21,Pending,Not Provided,Secure,High Value,
309,ANC-SRV-88308,91,Visa Advisory,319.7,Pending,2026-01-12 02:25:00+00:00,Secure,High Value,
310,ANC-SRV-88309,81,Airport Protocol,256.09,Unbilled-Leakage,Not Provided,Leakage Risk,Standard Value,
311,ANC-SRV-88310,403,Airport Protocol,571.79,Unbilled-Leakage,Not Provided,Leakage Risk,High Value,
312,ANC-SRV-88311,15,Car Hire Private,224.07,Unbilled-Leakage,2026-08-09 20:10:00+00:00,Leakage Risk,Standard Value,
313,ANC-SRV-88312,249,Airport Protocol,283.08,Unbilled-Leakage,Not Provided,Leakage Risk,Standard Value,
314,ANC-SRV-88313,264,Visa Advisory,425.51,Unbilled-Leakage,2026-03-30 17:10:00+00:00,Leakage Risk,High Value,
315,ANC-SRV-88314,60,Airport Protocol,579.82,Pending,2026-08-07 14:14:00+00:00,Secure,High Value,
316,ANC-SRV-88315,37,Car Hire Private,533.69,Billed,2026-06-04 04:42:00+00:00,Secure,High Value,
317,ANC-SRV-88316,459,Airport Protocol,565.33,Pending,2026-08-10 18:30:00+00:00,Secure,High Value,
318,ANC-SRV-88317,121,Airport Protocol,249.65,Pending,2026-06-16 06:29:00+00:00,Secure,Standard Value,
319,ANC-SRV-88318,370,Car Hire Private,443.62,Pending,2026-05-22 13:19:00+00:00,Secure,High Value,
320,ANC-SRV-88319,228,Car Hire Private,501.75,Unbilled-Leakage,2026-05-19 02:36:00+00:00,Leakage Risk,High Value,
321,ANC-SRV-88320,304,Airport Protocol,61.59,Unbilled-Leakage,2026-09-10 00:23:00+00:00,Leakage Risk,Standard Value,
322,ANC-SRV-88321,297,Visa Advisory,581.74,Unbilled-Leakage,2026-01-21 21:56:00+00:00,Leakage Risk,High Value,
323,ANC-SRV-88322,167,Visa Advisory,383.2,Unbilled-Leakage,Not Provided,Leakage Risk,High Value,
324,ANC-SRV-88323,215,Visa Advisory,512.81,Unbilled-Leakage,2026-02-24 08:39:00+00:00,Leakage Risk,High Value,
325,ANC-SRV-88324,102,Visa Advisory,414.22,Pending,2026-06-14 07:48:00+00:00,Secure,High Value,
326,ANC-SRV-88325,383,Airport Protocol,567.47,Billed,2026-05-04 11:31:00+00:00,Secure,High Value,
327,ANC-SRV-88326,347,Airport Protocol,429.88,Unbilled-Leakage,2026-01-25 00:26:00+00:00,Leakage Risk,High Value,
328,ANC-SRV-88327,460,Car Hire Private,483.84,Billed,2026-04-24 20:36:00+00:00,Secure,High Value,
329,ANC-SRV-88328,167,Car Hire Private,181.82,Unbilled-Leakage,2026-01-12 02:25:00+00:00,Leakage Risk,Standard Value,
330,ANC-SRV-88329,118,Airport Protocol,354,Billed,2026-09-11 05:04:00+00:00,Secure,High Value,
331,ANC-SRV-88330,399,Visa Advisory,220.1,Pending,2026-06-21 09:29:00+00:00,Secure,Standard Value,
332,ANC-SRV-88331,57,Car Hire Private,577.17,Unbilled-Leakage,2026-02-21 03:36:00+00:00,Leakage Risk,High Value,
333,ANC-SRV-88332,167,Car Hire Private,249.57,Pending,2026-03-06 02:15:00+00:00,Secure,Standard Value,
334,ANC-SRV-88333,117,Airport Protocol,496.74,Unbilled-Leakage,2026-03-11 18:06:00+00:00,Leakage Risk,High Value,
335,ANC-SRV-88334,51,Airport Protocol,117.13,Billed,2026-06-15 01:01:00+00:00,Secure,Standard Value,
336,ANC-SRV-88335,122,Visa Advisory,526.82,Pending,2026-06-14 16:12:00+00:00,Secure,High Value,
337,ANC-SRV-88336,378,Airport Protocol,521.71,Unbilled-Leakage,2026-04-04 21:57:00+00:00,Leakage Risk,High Value,
338,ANC-SRV-88337,212,Car Hire Private,263.66,Pending,2026-02-21 03:36:00+00:00,Secure,Standard Value,
339,ANC-SRV-88338,446,Car Hire Private,550.38,Pending,2026-05-04 18:53:00+00:00,Secure,High Value,
340,ANC-SRV-88339,103,Visa Advisory,266.14,Billed,2026-04-29 16:26:00+00:00,Secure,Standard Value,
341,ANC-SRV-88340,193,Visa Advisory,587.9,Pending,2026-04-24 20:36:00+00:00,Secure,High Value,
342,ANC-SRV-88341,457,Visa Advisory,190.54,Unbilled-Leakage,2026-04-15 13:32:00+00:00,Leakage Risk,Standard Value,
343,ANC-SRV-88342,113,Airport Protocol,99.64,Unbilled-Leakage,2026-07-20 18:02:00+00:00,Leakage Risk,Standard Value,
344,ANC-SRV-88343,38,Airport Protocol,502.49,Pending,Not Provided,Secure,High Value,
345,ANC-SRV-88344,242,Visa Advisory,179.5,Pending,2026-03-23 10:59:00+00:00,Secure,Standard Value,
346,ANC-SRV-88345,300,Car Hire Private,165.71,Unbilled-Leakage,Not Provided,Leakage Risk,Standard Value,
347,ANC-SRV-88346,249,Car Hire Private,539.64,Pending,2026-06-27 14:15:00+00:00,Secure,High Value,
348,ANC-SRV-88347,28,Airport Protocol,553.74,Billed,2026-03-30 05:15:00+00:00,Secure,High Value,
349,ANC-SRV-88348,456,Car Hire Private,397.24,Billed,Not Provided,Secure,High Value,
350,ANC-SRV-88349,224,Airport Protocol,533.71,Pending,Not Provided,Secure,High Value,
351,ANC-SRV-88350,75,Car Hire Private,471.71,Unbilled-Leakage,2026-05-25 09:43:00+00:00,Leakage Risk,High Value,
352,ANC-SRV-88351,111,Airport Protocol,273.46,Billed,2026-08-27 21:33:00+00:00,Secure,Standard Value,
353,ANC-SRV-88352,476,Airport Protocol,68.63,Pending,2026-01-21 21:56:00+00:00,Secure,Standard Value,
354,ANC-SRV-88353,313,Car Hire Private,526.54,Pending,2026-06-17 10:28:00+00:00,Secure,High Value,
355,ANC-SRV-88354,233,Car Hire Private,502.76,Pending,2026-03-27 11:08:00+00:00,Secure,High Value,
356,ANC-SRV-88355,92,Airport Protocol,567.27,Billed,2026-07-11 13:44:00+00:00,Secure,High Value,
357,ANC-SRV-88356,199,Car Hire Private,309.1,Unbilled-Leakage,2026-05-21 13:57:00+00:00,Leakage Risk,High Value,
358,ANC-SRV-88357,192,Visa Advisory,277.13,Billed,2026-07-16 02:46:00+00:00,Secure,Standard Value,
359,ANC-SRV-88358,70,Airport Protocol,512.64,Unbilled-Leakage,Not Provided,Leakage Risk,High Value,
360,ANC-SRV-88359,235,Car Hire Private,444.56,Unbilled-Leakage,Not Provided,Leakage Risk,High Value,
361,ANC-SRV-88360,369,Car Hire Private,532.22,Pending,Not Provided,Secure,High Value,
362,ANC-SRV-88361,100,Car Hire Private,501.13,Unbilled-Leakage,2026-07-14 04:52:00+00:00,Leakage Risk,High Value,
363,ANC-SRV-88362,324,Visa Advisory,503.42,Unbilled-Leakage,2026-02-07 01:18:00+00:00,Leakage Risk,High Value,
364,ANC-SRV-88363,184,Airport Protocol,434.17,Unbilled-Leakage,2026-04-11 23:12:00+00:00,Leakage Risk,High Value,
365,ANC-SRV-88364,500,Visa Advisory,328.48,Pending,Not Provided,Secure,High Value,
366,ANC-SRV-88365,139,Car Hire Private,243.52,Billed,2026-07-04 22:15:00+00:00,Secure,Standard Value,
367,ANC-SRV-88366,104,Visa Advisory,381.16,Pending,Not Provided,Secure,High Value,
368,ANC-SRV-88367,172,Visa Advisory,497.39,Unbilled-Leakage,Not Provided,Leakage Risk,High Value,
369,ANC-SRV-88368,66,Airport Protocol,455.78,Unbilled-Leakage,2026-06-30 05:08:00+00:00,Leakage Risk,High Value,
370,ANC-SRV-88369,17,Airport Protocol,299.29,Pending,2026-04-03 02:31:00+00:00,Secure,Standard Value,
371,ANC-SRV-88370,355,Car Hire Private,65.04,Pending,Not Provided,Secure,Standard Value,
372,ANC-SRV-88371,292,Visa Advisory,78.65,Unbilled-Leakage,2026-07-31 13:35:00+00:00,Leakage Risk,Standard Value,
373,ANC-SRV-88372,31,Airport Protocol,402.88,Unbilled-Leakage,Not Provided,Leakage Risk,High Value,
374,ANC-SRV-88373,144,Visa Advisory,396.59,Unbilled-Leakage,2026-08-03 03:26:00+00:00,Leakage Risk,High Value,
375,ANC-SRV-88374,70,Visa Advisory,485.06,Pending,2026-08-07 23:07:00+00:00,Secure,High Value,
376,ANC-SRV-88375,57,Airport Protocol,124.85,Pending,2026-03-26 15:08:00+00:00,Secure,Standard Value,
377,ANC-SRV-88376,437,Airport Protocol,270.36,Billed,2026-06-17 04:05:00+00:00,Secure,Standard Value,
378,ANC-SRV-88377,239,Airport Protocol,395.56,Unbilled-Leakage,2026-05-18 20:26:00+00:00,Leakage Risk,High Value,
379,ANC-SRV-88378,235,Car Hire Private,222.55,Billed,2026-03-23 10:59:00+00:00,Secure,Standard Value,
380,ANC-SRV-88379,215,Airport Protocol,95.23,Pending,2026-07-26 00:14:00+00:00,Secure,Standard Value,
381,ANC-SRV-88380,88,Visa Advisory,136.8,Unbilled-Leakage,2026-01-07 07:02:00+00:00,Leakage Risk,Standard Value,
382,ANC-SRV-88381,390,Airport Protocol,334,Unbilled-Leakage,2026-07-03 15:34:00+00:00,Leakage Risk,High Value,
383,ANC-SRV-88382,176,Airport Protocol,583.32,Billed,2026-07-14 02:49:00+00:00,Secure,High Value,
384,ANC-SRV-88383,113,Car Hire Private,506.84,Unbilled-Leakage,2026-06-02 19:37:00+00:00,Leakage Risk,High Value,
385,ANC-SRV-88384,454,Car Hire Private,469.74,Pending,Not Provided,Secure,High Value,
386,ANC-SRV-88385,152,Visa Advisory,515.83,Billed,2026-09-10 00:23:00+00:00,Secure,High Value,
387,ANC-SRV-88386,310,Car Hire Private,427.16,Billed,2026-01-14 21:56:00+00:00,Secure,High Value,
388,ANC-SRV-88387,81,Visa Advisory,485.95,Billed,2026-07-17 04:53:00+00:00,Secure,High Value,
389,ANC-SRV-88388,405,Car Hire Private,225.67,Billed,2026-08-15 07:58:00+00:00,Secure,Standard Value,
390,ANC-SRV-88389,407,Visa Advisory,313.1,Unbilled-Leakage,2026-01-16 04:54:00+00:00,Leakage Risk,High Value,
391,ANC-SRV-88390,327,Visa Advisory,454.34,Pending,2026-05-07 23:40:00+00:00,Secure,High Value,
392,ANC-SRV-88391,488,Car Hire Private,193.37,Billed,2026-03-28 10:45:00+00:00,Secure,Standard Value,
393,ANC-SRV-88392,314,Visa Advisory,428.11,Pending,2026-07-04 22:15:00+00:00,Secure,High Value,
394,ANC-SRV-88393,464,Car Hire Private,504.72,Pending,2026-09-11 13:43:00+00:00,Secure,High Value,
395,ANC-SRV-88394,88,Airport Protocol,489.74,Pending,2026-03-06 02:15:00+00:00,Secure,High Value,
396,ANC-SRV-88395,296,Airport Protocol,159.27,Billed,2026-02-18 13:42:00+00:00,Secure,Standard Value,
397,ANC-SRV-88396,497,Car Hire Private,277.97,Billed,2026-08-22 16:23:00+00:00,Secure,Standard Value,
398,ANC-SRV-88397,284,Airport Protocol,150.04,Unbilled-Leakage,2026-07-23 10:01:00+00:00,Leakage Risk,Standard Value,
399,ANC-SRV-88398,438,Airport Protocol,532.01,Billed,Not Provided,Secure,High Value,
400,ANC-SRV-88399,118,Car Hire Private,569.62,Billed,2026-09-03 07:44:00+00:00,Secure,High Value,
401,ANC-SRV-88400,45,Car Hire Private,536.39,Pending,2026-06-30 01:03:00+00:00,Secure,High Value,
402,ANC-SRV-88401,211,Car Hire Private,173.47,Pending,2026-08-02 18:19:00+00:00,Secure,Standard Value,
403,ANC-SRV-88402,439,Airport Protocol,571.46,Pending,2026-07-17 16:28:00+00:00,Secure,High Value,
404,ANC-SRV-88403,268,Visa Advisory,557.71,Unbilled-Leakage,Not Provided,Leakage Risk,High Value,
405,ANC-SRV-88404,251,Car Hire Private,405.91,Billed,2026-03-25 23:29:00+00:00,Secure,High Value,
406,ANC-SRV-88405,442,Car Hire Private,394.65,Billed,2026-05-27 00:32:00+00:00,Secure,High Value,
407,ANC-SRV-88406,111,Airport Protocol,548.76,Unbilled-Leakage,2026-04-20 06:52:00+00:00,Leakage Risk,High Value,
408,ANC-SRV-88407,303,Visa Advisory,585.77,Billed,2026-03-23 12:43:00+00:00,Secure,High Value,
409,ANC-SRV-88408,243,Visa Advisory,159.05,Billed,2026-01-08 06:59:00+00:00,Secure,Standard Value,
410,ANC-SRV-88409,429,Visa Advisory,435.69,Pending,2026-09-01 21:22:00+00:00,Secure,High Value,
411,ANC-SRV-88410,237,Car Hire Private,142.82,Pending,2026-01-12 02:25:00+00:00,Secure,Standard Value,
412,ANC-SRV-88411,143,Airport Protocol,270.57,Billed,2026-09-01 15:41:00+00:00,Secure,Standard Value,
413,ANC-SRV-88412,8,Airport Protocol,285.9,Unbilled-Leakage,2026-03-15 22:52:00+00:00,Leakage Risk,Standard Value,
414,ANC-SRV-88413,374,Airport Protocol,193.09,Billed,2026-04-20 21:21:00+00:00,Secure,Standard Value,
415,ANC-SRV-88414,220,Airport Protocol,98.98,Billed,2026-09-07 20:34:00+00:00,Secure,Standard Value,
416,ANC-SRV-88415,377,Airport Protocol,252.36,Unbilled-Leakage,2026-05-16 02:41:00+00:00,Leakage Risk,Standard Value,
417,ANC-SRV-88416,447,Visa Advisory,570.98,Billed,2026-03-25 23:29:00+00:00,Secure,High Value,
418,ANC-SRV-88417,127,Visa Advisory,114.54,Pending,2026-04-26 11:33:00+00:00,Secure,Standard Value,
419,ANC-SRV-88418,127,Visa Advisory,445.22,Pending,2026-03-23 03:15:00+00:00,Secure,High Value,
420,ANC-SRV-88419,168,Visa Advisory,289.34,Pending,Not Provided,Secure,Standard Value,
421,ANC-SRV-88420,223,Car Hire Private,555.99,Pending,Not Provided,Secure,High Value,
422,ANC-SRV-88421,297,Visa Advisory,299.54,Billed,2026-07-04 22:15:00+00:00,Secure,Standard Value,
423,ANC-SRV-88422,114,Visa Advisory,420.49,Unbilled-Leakage,2026-01-17 19:09:00+00:00,Leakage Risk,High Value,
424,ANC-SRV-88423,457,Car Hire Private,115.18,Pending,Not Provided,Secure,Standard Value,
425,ANC-SRV-88424,475,Car Hire Private,442.46,Billed,2026-03-05 16:09:00+00:00,Secure,High Value,
426,ANC-SRV-88425,303,Car Hire Private,154.8,Unbilled-Leakage,2026-01-05 22:10:00+00:00,Leakage Risk,Standard Value,
427,ANC-SRV-88426,485,Car Hire Private,524.07,Unbilled-Leakage,2026-08-10 12:01:00+00:00,Leakage Risk,High Value,
428,ANC-SRV-88427,77,Car Hire Private,480.17,Unbilled-Leakage,2026-07-17 16:28:00+00:00,Leakage Risk,High Value,
429,ANC-SRV-88428,468,Car Hire Private,208.38,Unbilled-Leakage,2026-09-09 07:22:00+00:00,Leakage Risk,Standard Value,
430,ANC-SRV-88429,294,Car Hire Private,321.79,Billed,2026-02-10 11:59:00+00:00,Secure,High Value,
431,ANC-SRV-88430,460,Car Hire Private,121.61,Unbilled-Leakage,2026-03-11 06:52:00+00:00,Leakage Risk,Standard Value,
432,ANC-SRV-88431,3,Visa Advisory,520.99,Billed,2026-02-25 13:02:00+00:00,Secure,High Value,
433,ANC-SRV-88432,214,Airport Protocol,380.05,Pending,2026-02-07 02:17:00+00:00,Secure,High Value,
434,ANC-SRV-88433,23,Airport Protocol,597.36,Pending,2026-05-03 17:20:00+00:00,Secure,High Value,
435,ANC-SRV-88434,21,Visa Advisory,205.63,Billed,2026-09-14 04:22:00+00:00,Secure,Standard Value,
436,ANC-SRV-88435,241,Visa Advisory,422.45,Billed,2026-05-11 00:21:00+00:00,Secure,High Value,
437,ANC-SRV-88436,376,Visa Advisory,280.08,Unbilled-Leakage,2026-01-21 17:31:00+00:00,Leakage Risk,Standard Value,
438,ANC-SRV-88437,394,Visa Advisory,274.69,Unbilled-Leakage,2026-08-10 18:30:00+00:00,Leakage Risk,Standard Value,
439,ANC-SRV-88438,259,Airport Protocol,130.27,Billed,2026-07-14 04:52:00+00:00,Secure,Standard Value,
440,ANC-SRV-88439,18,Airport Protocol,209.61,Unbilled-Leakage,Not Provided,Leakage Risk,Standard Value,
441,ANC-SRV-88440,218,Airport Protocol,193.99,Billed,2026-01-30 17:29:00+00:00,Secure,Standard Value,
442,ANC-SRV-88441,272,Car Hire Private,389.72,Unbilled-Leakage,2026-07-15 16:20:00+00:00,Leakage Risk,High Value,
443,ANC-SRV-88442,202,Airport Protocol,549.03,Billed,2026-04-22 14:19:00+00:00,Secure,High Value,
444,ANC-SRV-88443,246,Visa Advisory,253.3,Billed,2026-08-07 05:22:00+00:00,Secure,Standard Value,
445,ANC-SRV-88444,415,Airport Protocol,426.35,Unbilled-Leakage,2026-04-24 04:12:00+00:00,Leakage Risk,High Value,
446,ANC-SRV-88445,409,Car Hire Private,301.99,Billed,2026-08-07 17:31:00+00:00,Secure,High Value,
447,ANC-SRV-88446,357,Car Hire Private,55.68,Billed,2026-04-07 23:25:00+00:00,Secure,Standard Value,
448,ANC-SRV-88447,421,Airport Protocol,123.26,Pending,Not Provided,Secure,Standard Value,
449,ANC-SRV-88448,51,Visa Advisory,227.79,Billed,2026-04-22 14:19:00+00:00,Secure,Standard Value,
450,ANC-SRV-88449,232,Car Hire Private,431.16,Unbilled-Leakage,2026-01-31 12:32:00+00:00,Leakage Risk,High Value,
451,ANC-SRV-88450,254,Airport Protocol,427.77,Pending,2026-03-26 23:15:00+00:00,Secure,High Value,
452,ANC-SRV-88451,124,Visa Advisory,442.33,Unbilled-Leakage,2026-03-23 13:34:00+00:00,Leakage Risk,High Value,
453,ANC-SRV-88452,43,Car Hire Private,439.65,Pending,2026-08-02 18:19:00+00:00,Secure,High Value,
454,ANC-SRV-88453,286,Visa Advisory,454.86,Unbilled-Leakage,2026-08-02 09:09:00+00:00,Leakage Risk,High Value,
455,ANC-SRV-88454,386,Visa Advisory,190.92,Pending,Not Provided,Secure,Standard Value,
456,ANC-SRV-88455,7,Visa Advisory,102.4,Unbilled-Leakage,2026-07-23 10:01:00+00:00,Leakage Risk,Standard Value,
457,ANC-SRV-88456,355,Car Hire Private,82.31,Billed,2026-05-21 02:41:00+00:00,Secure,Standard Value,
458,ANC-SRV-88457,375,Visa Advisory,233.07,Billed,2026-06-27 20:53:00+00:00,Secure,Standard Value,
459,ANC-SRV-88458,209,Car Hire Private,179.16,Unbilled-Leakage,2026-09-07 20:34:00+00:00,Leakage Risk,Standard Value,
460,ANC-SRV-88459,487,Visa Advisory,549.52,Pending,Not Provided,Secure,High Value,
461,ANC-SRV-88460,112,Airport Protocol,598.21,Pending,Not Provided,Secure,High Value,
462,ANC-SRV-88461,68,Visa Advisory,566.63,Billed,2026-08-16 02:36:00+00:00,Secure,High Value,
463,ANC-SRV-88462,184,Visa Advisory,581.97,Billed,2026-09-07 20:34:00+00:00,Secure,High Value,
464,ANC-SRV-88463,152,Visa Advisory,379.03,Billed,2026-07-22 18:06:00+00:00,Secure,High Value,
465,ANC-SRV-88464,123,Visa Advisory,461.53,Pending,2026-06-04 04:42:00+00:00,Secure,High Value,
466,ANC-SRV-88465,332,Airport Protocol,75.03,Pending,2026-03-09 22:41:00+00:00,Secure,Standard Value,
467,ANC-SRV-88466,47,Car Hire Private,189.51,Billed,Not Provided,Secure,Standard Value,
468,ANC-SRV-88467,9,Visa Advisory,390.81,Billed,Not Provided,Secure,High Value,
469,ANC-SRV-88468,246,Visa Advisory,216.38,Pending,2026-08-02 09:09:00+00:00,Secure,Standard Value,
470,ANC-SRV-88469,343,Visa Advisory,267.08,Pending,2026-06-27 20:53:00+00:00,Secure,Standard Value,
471,ANC-SRV-88470,157,Airport Protocol,254,Pending,2026-04-09 10:32:00+00:00,Secure,Standard Value,
472,ANC-SRV-88471,83,Airport Protocol,582.43,Unbilled-Leakage,2026-04-24 04:12:00+00:00,Leakage Risk,High Value,
473,ANC-SRV-88472,361,Visa Advisory,357.76,Billed,2026-02-19 00:13:00+00:00,Secure,High Value,
474,ANC-SRV-88473,236,Visa Advisory,369.27,Billed,2026-03-02 04:06:00+00:00,Secure,High Value,
475,ANC-SRV-88474,440,Visa Advisory,193.16,Pending,2026-04-15 10:41:00+00:00,Secure,Standard Value,
476,ANC-SRV-88475,293,Visa Advisory,327.06,Pending,Not Provided,Secure,High Value,
477,ANC-SRV-88476,383,Car Hire Private,561.68,Unbilled-Leakage,2026-01-01 21:24:00+00:00,Leakage Risk,High Value,
478,ANC-SRV-88477,299,Car Hire Private,532.84,Pending,2026-01-06 08:13:00+00:00,Secure,High Value,
479,ANC-SRV-88478,13,Car Hire Private,122.56,Pending,2026-04-03 02:31:00+00:00,Secure,Standard Value,
480,ANC-SRV-88479,500,Visa Advisory,224.52,Unbilled-Leakage,2026-02-01 22:08:00+00:00,Leakage Risk,Standard Value,
481,ANC-SRV-88480,233,Airport Protocol,341.73,Unbilled-Leakage,2026-05-19 01:59:00+00:00,Leakage Risk,High Value,
482,ANC-SRV-88481,238,Visa Advisory,127.99,Billed,2026-05-02 09:16:00+00:00,Secure,Standard Value,
483,ANC-SRV-88482,396,Airport Protocol,114.26,Billed,2026-09-07 20:34:00+00:00,Secure,Standard Value,
484,ANC-SRV-88483,71,Visa Advisory,74.29,Unbilled-Leakage,2026-02-17 12:32:00+00:00,Leakage Risk,Standard Value,
485,ANC-SRV-88484,448,Visa Advisory,120.33,Pending,2026-05-29 12:55:00+00:00,Secure,Standard Value,
486,ANC-SRV-88485,361,Airport Protocol,529.42,Billed,2026-07-17 22:54:00+00:00,Secure,High Value,
487,ANC-SRV-88486,208,Car Hire Private,509.14,Billed,2026-03-22 23:27:00+00:00,Secure,High Value,
488,ANC-SRV-88487,95,Visa Advisory,461.3,Pending,Not Provided,Secure,High Value,
489,ANC-SRV-88488,405,Visa Advisory,559.43,Pending,2026-07-22 08:52:00+00:00,Secure,High Value,
490,ANC-SRV-88489,447,Visa Advisory,205.61,Pending,2026-07-31 01:55:00+00:00,Secure,Standard Value,
491,ANC-SRV-88490,190,Car Hire Private,532.32,Pending,2026-08-06 03:13:00+00:00,Secure,High Value,
492,ANC-SRV-88491,321,Visa Advisory,387.11,Unbilled-Leakage,2026-02-10 11:59:00+00:00,Leakage Risk,High Value,
493,ANC-SRV-88492,238,Car Hire Private,468.86,Unbilled-Leakage,2026-04-24 14:23:00+00:00,Leakage Risk,High Value,
494,ANC-SRV-88493,361,Visa Advisory,195.07,Pending,2026-05-19 02:36:00+00:00,Secure,Standard Value,
495,ANC-SRV-88494,325,Visa Advisory,222.16,Billed,2026-03-25 23:29:00+00:00,Secure,Standard Value,
496,ANC-SRV-88495,1,Car Hire Private,540.97,Pending,2026-07-31 01:55:00+00:00,Secure,High Value,
497,ANC-SRV-88496,441,Airport Protocol,223.55,Billed,2026-07-31 13:35:00+00:00,Secure,Standard Value,
498,ANC-SRV-88497,322,Visa Advisory,597.01,Billed,2026-08-03 07:20:00+00:00,Secure,High Value,
499,ANC-SRV-88498,37,Visa Advisory,470.02,Unbilled-Leakage,2026-04-20 21:21:00+00:00,Leakage Risk,High Value,
500,ANC-SRV-88499,198,Visa Advisory,133.2,Unbilled-Leakage,2026-02-27 18:07:00+00:00,Leakage Risk,Standard Value,
