booking_key,booking_id,client_key,travel_type,booking_channel,base_fare_usd,taxes_and_fees,request_timestamp,issuance_timestamp
1,TMC-BK-10000,6,Flight-International,Online Portal,888.48,283.76,2026-01-23T06:56:00,2026-01-23T07:26:00
2,TMC-BK-10001,1,Hotel-Booking,Email Request,171.77,159.51,2026/07/23 17:30:00,2026/07/23 20:30:00
3,TMC-BK-10002,7,Flight-Domestic,Offline Walk-In,1289.84,248.29,2026-04-08T09:22:00,2026-04-10T09:22:00
4,TMC-BK-10003,2,Flight-Domestic,Offline Walk-In,$1277.59,447.89,2026-06-19T08:07:00,2026-06-21T08:07:00
5,TMC-BK-10004,1,Hotel-Booking,Email Request,474.0,175.39,2026-08-14T12:21:00,2026-08-14T13:21:00
6,TMC-BK-10005,2,Hotel-Booking,Online Portal,2853.88,80.13,2026/05/17 02:46:00,2026/05/17 07:46:00
7,TMC-BK-10006,1,Hotel-Booking,Email Request,3409.94,264.12,2026-04-03T17:18:00,2026-04-03T20:18:00
8,TMC-BK-10007,2,Flight-Domestic,OFFLINE,2928.51,245.87,2026-06-01T09:28:00,2026-06-02T03:28:00
9,TMC-BK-10008,6,Flight-International,OFFLINE,USD 2084.13,293.54,2026-08-16T11:28:00,2026-08-16T11:58:00
10,TMC-BK-10009,2,Flight-International,OFFLINE,913.46,234.31,11-08-2026 08:40,13-08-2026 08:40
11,TMC-BK-10010,5,Flight-International,OFFLINE,$929.85,101.46,2026-07-27T11:32:00,2026-07-29T11:32:00
12,TMC-BK-10011,5,Flight-Domestic,OFFLINE,1081.21,284.0,2026-01-16T04:54:00,2026-01-16T22:54:00
13,TMC-BK-10012,2,Flight-International,Offline Walk-In,1390.11,326.15,2026-03-06T02:15:00,2026-03-08T02:15:00
14,TMC-BK-10013,5,Flight-Domestic,Online Portal,3287.79,441.18,2026-01-17T19:09:00,2026-01-19T07:09:00
15,TMC-BK-10014,8,Flight-Domestic,Online Portal,723.31,25.67,2026-08-16T02:36:00,2026-08-16T03:36:00
16,TMC-BK-10015,7,Hotel-Booking,online cbt,1421.18,35.19,2026-05-23T07:07:00,2026-05-23T07:37:00
17,TMC-BK-10016,7,Flight-Domestic,Email Request,2015.78,290.82,2026-07-18T17:07:00,2026-07-18T20:07:00
18,TMC-BK-10017,1,Hotel-Booking,Offline Walk-In,USD 2749.6,75.12,2026-04-20T19:18:00,2026-04-22T07:18:00
19,TMC-BK-10018,8,Flight-Domestic,Offline Walk-In,1206.77,385.43,2026-03-04T04:54:00,2026-03-04T05:24:00
20,TMC-BK-10019,3,Hotel-Booking,Email Request,3308.75,364.81,2026-08-16T02:51:00,2026-08-17T14:51:00
21,TMC-BK-10020,4,Hotel-Booking,Email Request,2345.72,449.57,2026-06-27T22:04:00,2026-06-28T16:04:00
22,TMC-BK-10021,3,Flight-Domestic,OFFLINE,1687.15,200.97,2026-03-22T22:45:00,2026-03-24T10:45:00
23,TMC-BK-10022,7,Flight-Domestic,Offline Walk-In,2030.58,166.86,2026-09-18T07:07:00,2026-09-18T08:07:00
24,TMC-BK-10023,5,Flight-Domestic,Offline Walk-In,3157.71,263.18,2026-09-10T00:23:00,2026-09-10T18:23:00
25,TMC-BK-10024,3,Flight-Domestic,Email Request,3491.75,295.94,2026/03/08 19:56:00,2026/03/08 20:26:00
26,TMC-BK-10025,5,Hotel-Booking,Email Request,$307.84,29.8,2026-07-23T22:46:00,2026-07-24T03:46:00
27,TMC-BK-10026,6,Hotel-Booking,Online Portal,2251.94,110.5,2026/02/07 04:20:00,2026/02/08 16:20:00
28,TMC-BK-10027,1,Hotel-Booking,OFFLINE,362.82,144.69,2026-08-27T21:33:00,2026-08-28T00:33:00
29,TMC-BK-10028,3,Flight-Domestic,online cbt,1922.53,360.83,04-04-2026 04:27,04-04-2026 22:27
30,TMC-BK-10029,2,Flight-Domestic,OFFLINE,188.46,155.8,2026-03-05T16:09:00,2026-03-05T19:09:00
31,TMC-BK-10030,1,Flight-International,Offline Walk-In,1948.85,240.34,2026-04-26T11:33:00,2026-04-26T14:33:00
32,TMC-BK-10031,1,Flight-International,Online Portal,523.7,162.67,21-05-2026 04:40,21-05-2026 07:40
33,TMC-BK-10032,7,Flight-International,Email Request,3345.28,27.61,2026-03-28T18:37:00,2026-03-28T19:37:00
34,TMC-BK-10033,2,Flight-International,online cbt,1826.96,316.48,22-06-2026 18:02,24-06-2026 18:02
35,TMC-BK-10034,5,Hotel-Booking,Offline Walk-In,3066.24,170.08,2026-05-16T20:13:00,2026-05-18T20:13:00
36,TMC-BK-10035,4,Flight-International,online cbt,2190.05,332.87,2026-01-16T15:56:00,2026-01-18T03:56:00
37,TMC-BK-10036,6,Hotel-Booking,OFFLINE,1956.92,286.8,2026-06-04T15:15:00,2026-06-06T15:15:00
38,TMC-BK-10037,4,Flight-Domestic,Online Portal,USD 151.92,37.37,2026-08-21T02:44:00,2026-08-21T03:14:00
39,TMC-BK-10038,7,Hotel-Booking,OFFLINE,3262.48,99.64,2026-08-26T06:21:00,2026-08-27T00:21:00
40,TMC-BK-10039,3,Hotel-Booking,Email Request,$1180.17,165.47,2026-06-13T23:55:00,2026-06-14T02:55:00
41,TMC-BK-10040,3,Hotel-Booking,Online Portal,3091.33,168.62,2026-07-09T16:35:00,2026-07-09T17:05:00
42,TMC-BK-10041,3,Flight-International,OFFLINE,$1778.07,310.8,2026/05/17 14:15:00,2026/05/17 15:15:00
43,TMC-BK-10042,4,Flight-International,online cbt,2698.02,414.37,2026-05-29T12:55:00,2026-05-30T06:55:00
44,TMC-BK-10043,5,Flight-International,Online Portal,1742.2,363.83,2026-03-23T10:59:00,2026-03-24T04:59:00
45,TMC-BK-10044,4,Flight-Domestic,Online Portal,3072.65,299.4,2026-03-23T15:32:00,2026-03-23T20:32:00
46,TMC-BK-10045,2,Flight-International,Email Request,1956.64,229.64,2026-01-12T02:25:00,2026-01-12T20:25:00
47,TMC-BK-10046,3,Flight-International,Email Request,1194.25,291.56,2026-06-30T01:03:00,2026-06-30T04:03:00
48,TMC-BK-10047,1,Flight-International,online cbt,1617.64,404.12,2026-08-29T09:34:00,2026-08-29T10:04:00
49,TMC-BK-10048,8,Flight-Domestic,online cbt,902.74,253.21,16-05-2026 23:23,18-05-2026 23:23
50,TMC-BK-10049,2,Hotel-Booking,Online Portal,920.88,167.42,2026-01-27T18:35:00,2026-01-27T19:35:00
51,TMC-BK-10050,5,Flight-International,Offline Walk-In,2264.19,358.2,2026-07-17T16:28:00,2026-07-19T16:28:00
52,TMC-BK-10051,2,Flight-International,OFFLINE,$3029.78,200.93,2026-03-02T04:06:00,2026-03-02T09:06:00
53,TMC-BK-10052,5,Flight-Domestic,Online Portal,947.32,340.6,2026-07-07T04:12:00,2026-07-07T22:12:00
54,TMC-BK-10053,2,Hotel-Booking,online cbt,593.24,379.92,2026-01-24T01:08:00,2026-01-25T13:08:00
55,TMC-BK-10054,4,Flight-International,Online Portal,1733.45,152.22,2026-08-22T04:38:00,2026-08-22T22:38:00
56,TMC-BK-10055,8,Flight-International,Email Request,$787.87,333.11,2026-06-13T05:25:00,2026-06-13T23:25:00
57,TMC-BK-10056,6,Flight-Domestic,OFFLINE,1594.02,159.09,2026-06-22T16:53:00,2026-06-23T10:53:00
58,TMC-BK-10057,6,Hotel-Booking,Online Portal,2592.4,252.75,2026-06-03T15:52:00,2026-06-03T16:22:00
59,TMC-BK-10058,3,Flight-International,Email Request,479.7,113.51,2026-08-02T18:19:00,2026-08-04T18:19:00
60,TMC-BK-10059,4,Flight-International,OFFLINE,3036.6,316.33,2026-01-14T19:30:00,2026-01-14T22:30:00
61,TMC-BK-10060,2,Hotel-Booking,OFFLINE,1652.86,364.8,2026-04-27T23:03:00,2026-04-28T17:03:00
62,TMC-BK-10061,5,Flight-Domestic,Offline Walk-In,986.85,402.41,2026-07-14T04:52:00,2026-07-15T16:52:00
63,TMC-BK-10062,2,Flight-Domestic,Email Request,3035.52,175.28,2026-02-26T06:01:00,2026-02-26T11:01:00
64,TMC-BK-10063,4,Flight-International,OFFLINE,3497.6,437.09,2026-04-15T13:32:00,2026-04-17T13:32:00
65,TMC-BK-10064,6,Flight-International,Offline Walk-In,3253.33,144.2,2026-02-01T22:08:00,2026-02-02T16:08:00
66,TMC-BK-10065,8,Hotel-Booking,Offline Walk-In,1776.9,38.25,2026-09-02T16:24:00,2026-09-02T19:24:00
67,TMC-BK-10066,8,Flight-Domestic,Online Portal,346.43,443.04,2026-06-25T17:22:00,2026-06-27T05:22:00
68,TMC-BK-10067,6,Flight-Domestic,online cbt,1038.43,291.27,2026-05-16T19:30:00,2026-05-16T20:30:00
69,TMC-BK-10068,5,Hotel-Booking,online cbt,1567.08,383.02,2026-06-02T07:19:00,2026-06-04T07:19:00
70,TMC-BK-10069,3,Flight-International,OFFLINE,2011.82,267.67,2026-09-08T10:30:00,2026-09-08T13:30:00
71,TMC-BK-10070,6,Flight-International,OFFLINE,1143.97,190.57,2026-05-21T09:07:00,2026-05-22T03:07:00
72,TMC-BK-10071,6,Hotel-Booking,OFFLINE,1966.35,277.96,22-07-2026 11:49,24-07-2026 11:49
73,TMC-BK-10072,7,Flight-International,Online Portal,2106.99,392.45,2026-02-10T11:59:00,2026-02-10T16:59:00
74,TMC-BK-10073,3,Flight-International,Offline Walk-In,677.4,344.4,2026-04-20T06:52:00,2026-04-21T00:52:00
75,TMC-BK-10074,1,Flight-International,online cbt,772.51,324.74,2026-05-20T04:06:00,2026-05-20T22:06:00
76,TMC-BK-10075,6,Hotel-Booking,Email Request,$937.93,158.66,2026-01-26T21:57:00,2026-01-27T15:57:00
77,TMC-BK-10076,4,Flight-Domestic,online cbt,3132.46,38.44,2026-02-21T13:21:00,2026-02-23T01:21:00
78,TMC-BK-10077,4,Flight-Domestic,Offline Walk-In,2224.93,200.89,2026-03-12T00:35:00,2026-03-12T01:35:00
79,TMC-BK-10078,7,Flight-Domestic,Offline Walk-In,1901.32,236.25,2026-09-01T15:41:00,2026-09-01T16:41:00
80,TMC-BK-10079,5,Flight-Domestic,Email Request,2549.24,126.0,2026/05/27 20:03:00,2026/05/29 20:03:00
81,TMC-BK-10080,6,Hotel-Booking,Online Portal,2400.16,217.06,29-04-2026 17:47,01-05-2026 05:47
82,TMC-BK-10081,3,Flight-Domestic,online cbt,$2668.75,429.06,2026-03-31T13:56:00,2026-04-02T13:56:00
83,TMC-BK-10082,6,Hotel-Booking,OFFLINE,1685.26,116.86,2026-07-23T15:11:00,2026-07-25T03:11:00
84,TMC-BK-10083,8,Flight-Domestic,Online Portal,395.42,153.49,2026-01-20T00:19:00,2026-01-20T18:19:00
85,TMC-BK-10084,8,Flight-International,OFFLINE,3276.42,72.7,2026-06-21T09:29:00,2026-06-22T21:29:00
86,TMC-BK-10085,8,Hotel-Booking,online cbt,1387.92,358.6,2026-03-10T16:29:00,2026-03-10T19:29:00
87,TMC-BK-10086,6,Hotel-Booking,Email Request,2506.86,355.56,2026-03-25T23:29:00,2026-03-27T11:29:00
88,TMC-BK-10087,5,Flight-International,Online Portal,$2340.82,413.18,2026-06-22T09:36:00,2026-06-23T21:36:00
89,TMC-BK-10088,8,Hotel-Booking,online cbt,2887.3,213.6,2026/07/27 13:32:00,2026/07/27 16:32:00
90,TMC-BK-10089,2,Hotel-Booking,OFFLINE,$3295.42,35.6,2026-02-18T05:08:00,2026-02-18T10:08:00
91,TMC-BK-10090,3,Flight-Domestic,online cbt,$536.69,230.13,2026-05-14T12:15:00,2026-05-14T17:15:00
92,TMC-BK-10091,2,Hotel-Booking,Offline Walk-In,2003.3,237.52,2026/06/04 18:46:00,2026/06/05 12:46:00
93,TMC-BK-10092,5,Hotel-Booking,Offline Walk-In,2554.0,105.84,2026-07-04T22:15:00,2026-07-04T22:45:00
94,TMC-BK-10093,3,Hotel-Booking,online cbt,1034.35,417.55,2026-03-23T12:43:00,2026-03-24T06:43:00
95,TMC-BK-10094,4,Hotel-Booking,OFFLINE,$2984.45,336.29,2026-06-09T22:07:00,2026-06-11T10:07:00
96,TMC-BK-10095,5,Flight-Domestic,Offline Walk-In,USD 1568.98,247.54,2026-04-24T07:08:00,2026-04-24T12:08:00
97,TMC-BK-10096,2,Hotel-Booking,online cbt,2733.25,354.6,2026-07-11T13:44:00,2026-07-12T07:44:00
98,TMC-BK-10097,2,Hotel-Booking,online cbt,2633.12,85.9,2026-04-22T07:43:00,2026-04-24T07:43:00
99,TMC-BK-10098,1,Hotel-Booking,OFFLINE,$182.39,395.51,2026/08/17 16:45:00,2026/08/17 19:45:00
100,TMC-BK-10099,1,Hotel-Booking,Offline Walk-In,3108.41,374.41,2026-02-27T01:53:00,2026-02-27T19:53:00
101,TMC-BK-10100,7,Flight-Domestic,OFFLINE,2945.89,423.66,2026-03-18T05:20:00,2026-03-20T05:20:00
102,TMC-BK-10101,4,Flight-Domestic,OFFLINE,576.94,312.6,2026/04/16 22:37:00,2026/04/17 03:37:00
103,TMC-BK-10102,1,Flight-Domestic,OFFLINE,2817.01,81.4,2026-08-17T01:29:00,2026-08-17T02:29:00
104,TMC-BK-10103,5,Hotel-Booking,Offline Walk-In,853.76,332.94,2026-01-30T17:29:00,2026-02-01T05:29:00
105,TMC-BK-10104,8,Flight-International,Offline Walk-In,2763.39,220.23,2026-07-22T08:52:00,2026-07-22T09:22:00
106,TMC-BK-10105,3,Flight-International,Online Portal,2229.22,328.31,2026/01/24 13:22:00,2026/01/26 01:22:00
107,TMC-BK-10106,6,Flight-Domestic,Email Request,3046.43,247.0,2026/01/31 02:59:00,2026/01/31 07:59:00
108,TMC-BK-10107,7,Flight-Domestic,online cbt,$3102.74,26.75,2026-07-29T05:49:00,2026-07-29T06:49:00
109,TMC-BK-10108,4,Flight-Domestic,Email Request,2617.49,421.24,2026-08-04T11:57:00,2026-08-04T16:57:00
110,TMC-BK-10109,5,Flight-Domestic,OFFLINE,2837.49,317.0,2026-07-13T12:05:00,2026-07-15T00:05:00
111,TMC-BK-10110,3,Flight-Domestic,Online Portal,1043.8,277.57,2026-03-10T20:55:00,2026-03-10T23:55:00
112,TMC-BK-10111,8,Flight-International,Online Portal,3071.76,62.01,2026-07-21T16:08:00,2026-07-23T04:08:00
113,TMC-BK-10112,2,Flight-Domestic,online cbt,2885.57,223.42,2026-01-12T09:29:00,2026-01-13T21:29:00
114,TMC-BK-10113,7,Flight-International,online cbt,USD 2814.41,44.61,2026-07-14T07:15:00,2026-07-14T12:15:00
115,TMC-BK-10114,6,Flight-International,Email Request,796.98,246.25,2026-02-27T01:51:00,2026-02-28T13:51:00
116,TMC-BK-10115,1,Hotel-Booking,Email Request,3389.08,305.07,09-01-2026 07:13,09-01-2026 07:43
117,TMC-BK-10116,4,Flight-International,Offline Walk-In,1488.92,157.8,2026-01-25T07:47:00,2026-01-25T08:17:00
118,TMC-BK-10117,3,Flight-Domestic,Email Request,$3296.44,270.46,2026-04-22T01:08:00,2026-04-22T19:08:00
119,TMC-BK-10118,3,Flight-Domestic,Email Request,3400.84,157.66,2026-06-13T18:38:00,2026-06-15T18:38:00
120,TMC-BK-10119,8,Flight-Domestic,OFFLINE,$1039.31,404.16,2026-06-04T04:42:00,2026-06-04T22:42:00
121,TMC-BK-10120,3,Hotel-Booking,Online Portal,1605.79,161.37,2026-02-01T17:37:00,2026-02-03T05:37:00
122,TMC-BK-10121,3,Flight-International,Email Request,2180.8,106.83,2026-08-07T17:31:00,2026-08-07T18:01:00
123,TMC-BK-10122,3,Hotel-Booking,Offline Walk-In,2081.57,142.58,2026-07-15T16:20:00,2026-07-17T04:20:00
124,TMC-BK-10123,8,Flight-Domestic,Email Request,155.67,160.64,2026-07-12T05:48:00,2026-07-12T23:48:00
125,TMC-BK-10124,6,Flight-Domestic,OFFLINE,2560.09,212.47,03-06-2026 22:09,05-06-2026 22:09
126,TMC-BK-10125,1,Flight-Domestic,online cbt,$1370.14,75.0,2026-07-31T13:35:00,2026-08-01T07:35:00
127,TMC-BK-10126,4,Flight-International,OFFLINE,2375.2,88.46,2026-04-15T10:41:00,2026-04-15T11:11:00
128,TMC-BK-10127,8,Flight-Domestic,Offline Walk-In,2990.85,141.3,2026-02-17T17:46:00,2026-02-19T17:46:00
129,TMC-BK-10128,4,Flight-Domestic,online cbt,1186.1,31.48,2026-01-21T02:12:00,2026-01-23T02:12:00
130,TMC-BK-10129,2,Hotel-Booking,Online Portal,$1140.44,289.75,2026-04-22T15:13:00,2026-04-24T15:13:00
131,TMC-BK-10130,5,Flight-International,Offline Walk-In,1558.5,243.48,2026-01-08T06:59:00,2026-01-08T07:59:00
132,TMC-BK-10131,6,Flight-International,Offline Walk-In,3174.4,112.8,2026-09-03T07:44:00,2026-09-04T01:44:00
133,TMC-BK-10132,4,Hotel-Booking,Email Request,$1985.59,173.89,2026-05-03T17:20:00,2026-05-05T17:20:00
134,TMC-BK-10133,1,Flight-Domestic,Offline Walk-In,1111.16,160.36,2026-07-03T09:16:00,2026-07-03T12:16:00
135,TMC-BK-10134,4,Flight-International,Online Portal,2343.26,85.16,2026-02-20T23:30:00,2026-02-22T23:30:00
136,TMC-BK-10135,6,Flight-Domestic,Online Portal,865.9,324.35,2026-07-09T10:26:00,2026-07-09T10:56:00
137,TMC-BK-10136,7,Hotel-Booking,Online Portal,2816.68,145.39,2026-03-16T00:16:00,2026-03-16T18:16:00
138,TMC-BK-10137,8,Flight-Domestic,Offline Walk-In,1876.76,129.05,2026-08-02T09:09:00,2026-08-02T10:09:00
139,TMC-BK-10138,8,Flight-Domestic,OFFLINE,2891.72,55.28,2026-05-06T15:35:00,2026-05-08T03:35:00
140,TMC-BK-10139,1,Flight-International,Offline Walk-In,USD 902.55,285.64,2026-09-08T23:41:00,2026-09-10T11:41:00
141,TMC-BK-10140,1,Flight-International,Email Request,970.22,168.96,2026-06-30T05:08:00,2026-07-01T17:08:00
142,TMC-BK-10141,6,Hotel-Booking,Online Portal,393.97,213.55,2026-01-31T16:02:00,2026-02-02T16:02:00
143,TMC-BK-10142,2,Hotel-Booking,Email Request,801.36,80.28,2026-01-25T00:26:00,2026-01-25T01:26:00
144,TMC-BK-10143,5,Hotel-Booking,Online Portal,USD 967.35,225.06,19-03-2026 00:13,19-03-2026 18:13
145,TMC-BK-10144,5,Flight-Domestic,Email Request,2665.73,312.09,2026/09/05 21:31:00,2026/09/05 22:01:00
146,TMC-BK-10145,3,Flight-Domestic,online cbt,1574.24,70.02,2026-07-30T00:01:00,2026-07-30T18:01:00
147,TMC-BK-10146,7,Flight-International,online cbt,$1885.16,47.86,2026-05-27T00:32:00,2026-05-29T00:32:00
148,TMC-BK-10147,7,Flight-Domestic,Online Portal,984.81,206.25,2026-04-02T03:58:00,2026-04-02T04:28:00
149,TMC-BK-10148,6,Flight-International,Email Request,2834.75,101.07,2026-05-10T11:17:00,2026-05-12T11:17:00
150,TMC-BK-10149,2,Flight-Domestic,Offline Walk-In,2144.77,278.35,2026-07-27T14:36:00,2026-07-27T15:36:00
151,TMC-BK-10150,5,Hotel-Booking,OFFLINE,2202.39,276.92,11-02-2026 20:54,13-02-2026 08:54
152,TMC-BK-10151,7,Flight-International,Offline Walk-In,2932.41,380.37,2026/07/14 12:35:00,2026/07/14 17:35:00
153,TMC-BK-10152,4,Hotel-Booking,Offline Walk-In,2641.25,322.23,2026-01-05T22:10:00,2026-01-05T22:40:00
154,TMC-BK-10153,7,Hotel-Booking,OFFLINE,978.25,286.93,2026-06-19T18:54:00,2026-06-19T19:24:00
155,TMC-BK-10154,6,Hotel-Booking,OFFLINE,1896.35,157.79,2026-04-28T06:57:00,2026-04-30T06:57:00
156,TMC-BK-10155,6,Hotel-Booking,Email Request,409.57,372.41,2026-05-19T01:59:00,2026-05-19T02:29:00
157,TMC-BK-10156,8,Flight-Domestic,OFFLINE,1221.03,327.98,2026-01-17T05:59:00,2026-01-19T05:59:00
158,TMC-BK-10157,8,Flight-Domestic,online cbt,924.73,310.12,2026-03-15T22:52:00,2026-03-16T03:52:00
159,TMC-BK-10158,1,Hotel-Booking,OFFLINE,365.17,251.73,2026-05-04T18:53:00,2026-05-06T18:53:00
160,TMC-BK-10159,3,Hotel-Booking,Offline Walk-In,1542.84,438.81,2026-06-19T12:48:00,2026-06-21T00:48:00
161,TMC-BK-10160,8,Hotel-Booking,Online Portal,3181.21,346.19,2026/02/10 16:47:00,2026/02/10 19:47:00
162,TMC-BK-10161,3,Flight-Domestic,online cbt,3020.05,222.92,2026-08-12T07:53:00,2026-08-12T08:23:00
163,TMC-BK-10162,4,Flight-Domestic,OFFLINE,169.75,81.01,2026-07-23T10:01:00,2026-07-24T22:01:00
164,TMC-BK-10163,2,Flight-International,OFFLINE,3009.05,370.46,2026-09-09T07:22:00,2026-09-10T01:22:00
165,TMC-BK-10164,5,Flight-International,Online Portal,2654.18,415.87,2026-07-14T02:49:00,2026-07-14T20:49:00
166,TMC-BK-10165,4,Flight-International,Email Request,888.8,224.02,2026-02-07T02:17:00,2026-02-07T03:17:00
167,TMC-BK-10166,3,Flight-International,Offline Walk-In,247.23,218.62,20-03-2026 23:24,21-03-2026 02:24
168,TMC-BK-10167,3,Flight-Domestic,Online Portal,1504.46,315.9,2026-06-07T14:23:00,2026-06-09T14:23:00
169,TMC-BK-10168,3,Flight-International,Email Request,USD 577.55,326.84,2026-04-06T13:28:00,2026-04-07T07:28:00
170,TMC-BK-10169,6,Hotel-Booking,Offline Walk-In,USD 1469.97,222.79,2026/01/14 02:22:00,2026/01/14 20:22:00
171,TMC-BK-10170,2,Flight-Domestic,OFFLINE,$2303.21,123.47,2026-06-16T12:00:00,2026-06-16T15:00:00
172,TMC-BK-10171,4,Hotel-Booking,Email Request,$1696.69,120.11,2026-05-05T18:33:00,2026-05-05T19:33:00
173,TMC-BK-10172,7,Flight-Domestic,Online Portal,1420.0,390.97,2026-05-18T09:17:00,2026-05-18T14:17:00
174,TMC-BK-10173,6,Flight-Domestic,online cbt,2700.12,287.2,2026-05-22T13:19:00,2026-05-22T18:19:00
175,TMC-BK-10174,2,Hotel-Booking,Online Portal,2936.95,412.97,2026-05-07T23:40:00,2026-05-08T04:40:00
176,TMC-BK-10175,8,Hotel-Booking,Online Portal,214.93,191.63,2026-02-24T04:19:00,2026-02-24T04:49:00
177,TMC-BK-10176,8,Flight-Domestic,online cbt,1322.37,322.34,2026-07-14T10:28:00,2026-07-14T13:28:00
178,TMC-BK-10177,8,Flight-International,Email Request,2333.38,307.7,2026-03-11T09:20:00,2026-03-12T03:20:00
179,TMC-BK-10178,4,Flight-Domestic,Email Request,$817.86,360.23,2026-06-10T05:25:00,2026-06-10T08:25:00
180,TMC-BK-10179,3,Flight-International,Online Portal,$660.48,400.02,2026-09-09T18:50:00,2026-09-09T19:50:00
181,TMC-BK-10180,7,Flight-International,Online Portal,2392.69,217.65,2026-07-21T11:07:00,2026-07-22T05:07:00
182,TMC-BK-10181,1,Flight-International,Email Request,2493.21,37.86,2026/04/03 21:49:00,2026/04/04 15:49:00
183,TMC-BK-10182,4,Hotel-Booking,online cbt,2184.28,227.02,2026-08-25T22:13:00,2026-08-26T03:13:00
184,TMC-BK-10183,1,Flight-International,Offline Walk-In,2894.66,174.36,2026-02-05T13:43:00,2026-02-05T18:43:00
185,TMC-BK-10184,3,Flight-International,online cbt,236.02,221.03,2026-05-10T21:09:00,2026-05-12T09:09:00
186,TMC-BK-10185,3,Flight-International,OFFLINE,3359.88,97.59,2026-08-18T19:30:00,2026-08-19T13:30:00
187,TMC-BK-10186,3,Flight-Domestic,Online Portal,404.59,351.38,2026-08-03T17:02:00,2026-08-05T17:02:00
188,TMC-BK-10187,1,Flight-Domestic,Email Request,491.37,281.89,2026-02-13T03:49:00,2026-02-13T04:49:00
189,TMC-BK-10188,3,Flight-International,online cbt,$2161.38,79.14,2026-01-23T18:41:00,2026-01-25T06:41:00
190,TMC-BK-10189,1,Hotel-Booking,OFFLINE,3445.88,68.75,2026/06/19 13:06:00,2026/06/19 13:36:00
191,TMC-BK-10190,3,Flight-Domestic,OFFLINE,1585.07,372.46,2026-04-24T16:47:00,2026-04-25T10:47:00
192,TMC-BK-10191,5,Hotel-Booking,Online Portal,1293.12,363.62,2026-04-24T14:23:00,2026-04-24T19:23:00
193,TMC-BK-10192,3,Flight-International,Offline Walk-In,503.56,163.49,2026-09-14T04:22:00,2026-09-14T04:52:00
194,TMC-BK-10193,7,Flight-International,Offline Walk-In,2926.17,301.02,2026-02-13T03:53:00,2026-02-14T15:53:00
195,TMC-BK-10194,1,Flight-International,OFFLINE,2608.21,361.78,22-08-2026 06:33,22-08-2026 11:33
196,TMC-BK-10195,5,Flight-International,online cbt,2857.47,251.42,2026/08/20 10:04:00,2026/08/20 13:04:00
197,TMC-BK-10196,2,Flight-International,OFFLINE,1609.17,195.35,2026-02-28T00:54:00,2026-02-28T03:54:00
198,TMC-BK-10197,4,Flight-Domestic,Online Portal,3003.24,200.71,2026-03-26T23:15:00,2026-03-27T17:15:00
199,TMC-BK-10198,8,Flight-International,Online Portal,3103.46,288.87,2026-08-07T14:14:00,2026-08-09T14:14:00
200,TMC-BK-10199,8,Flight-Domestic,Offline Walk-In,USD 2194.61,257.88,2026-08-10T12:01:00,2026-08-12T00:01:00
201,TMC-BK-10200,8,Flight-Domestic,OFFLINE,3000.69,438.9,2026-08-08T12:00:00,2026-08-10T00:00:00
202,TMC-BK-10201,3,Flight-Domestic,Email Request,2822.74,188.12,2026-02-02T18:06:00,2026-02-04T18:06:00
203,TMC-BK-10202,4,Flight-Domestic,Email Request,USD 2498.97,169.8,2026-06-16T06:29:00,2026-06-16T06:59:00
204,TMC-BK-10203,7,Flight-Domestic,online cbt,$3326.01,370.91,2026-06-10T19:24:00,2026-06-11T13:24:00
205,TMC-BK-10204,3,Flight-Domestic,online cbt,2562.25,276.16,2026-06-30T14:39:00,2026-06-30T15:39:00
206,TMC-BK-10205,3,Hotel-Booking,Offline Walk-In,2463.54,358.33,2026-06-02T19:37:00,2026-06-02T20:07:00
207,TMC-BK-10206,5,Flight-International,Online Portal,$2806.33,210.03,2026-05-03T09:07:00,2026-05-03T10:07:00
208,TMC-BK-10207,3,Flight-Domestic,Email Request,892.35,359.61,2026-07-18T13:38:00,2026-07-18T14:38:00
209,TMC-BK-10208,6,Flight-International,Email Request,2098.21,256.42,2026-09-07T20:34:00,2026-09-09T08:34:00
210,TMC-BK-10209,8,Flight-International,Email Request,1575.44,125.37,2026-03-30T17:10:00,2026-03-30T22:10:00
211,TMC-BK-10210,2,Flight-International,Email Request,2504.56,306.61,19-08-2026 19:03,21-08-2026 19:03
212,TMC-BK-10211,4,Flight-Domestic,Offline Walk-In,554.2,58.11,2026-03-11T06:52:00,2026-03-11T11:52:00
213,TMC-BK-10212,7,Flight-Domestic,OFFLINE,1945.14,420.62,2026-09-11T13:43:00,2026-09-11T18:43:00
214,TMC-BK-10213,7,Flight-International,Email Request,874.89,269.03,2026/09/08 05:05:00,2026/09/08 23:05:00
215,TMC-BK-10214,3,Hotel-Booking,Online Portal,3421.63,231.82,2026-04-23T09:02:00,2026-04-23T12:02:00
216,TMC-BK-10215,2,Flight-Domestic,Email Request,486.76,276.67,2026-08-23T18:47:00,2026-08-25T18:47:00
217,TMC-BK-10216,1,Flight-International,online cbt,$751.13,221.74,2026-02-27T18:07:00,2026-02-27T21:07:00
218,TMC-BK-10217,4,Flight-International,Online Portal,1939.35,260.91,2026/07/07 17:52:00,2026/07/09 17:52:00
219,TMC-BK-10218,7,Flight-Domestic,OFFLINE,2003.75,374.36,2026-08-14T17:13:00,2026-08-14T22:13:00
220,TMC-BK-10219,3,Flight-Domestic,Email Request,3059.35,99.87,2026-05-07T09:55:00,2026-05-07T10:25:00
221,TMC-BK-10220,2,Flight-International,Offline Walk-In,2073.12,431.25,2026-02-14T14:55:00,2026-02-14T15:25:00
222,TMC-BK-10221,3,Flight-International,Offline Walk-In,$767.62,54.58,2026-06-29T22:39:00,2026-07-01T10:39:00
223,TMC-BK-10222,8,Hotel-Booking,Email Request,3302.56,71.22,2026-04-16T06:51:00,2026-04-16T07:21:00
224,TMC-BK-10223,1,Flight-International,online cbt,$1492.37,370.98,2026-03-28T10:45:00,2026-03-28T13:45:00
225,TMC-BK-10224,2,Flight-Domestic,Offline Walk-In,$2258.64,352.82,18-02-2026 04:48,20-02-2026 04:48
226,TMC-BK-10225,2,Flight-Domestic,Online Portal,649.81,186.04,2026-05-22T20:08:00,2026-05-24T08:08:00
227,TMC-BK-10226,8,Flight-International,online cbt,$3479.63,235.08,2026-06-14T07:48:00,2026-06-16T07:48:00
228,TMC-BK-10227,3,Hotel-Booking,OFFLINE,2710.89,305.57,2026-05-18T20:26:00,2026-05-19T01:26:00
229,TMC-BK-10228,1,Flight-International,OFFLINE,906.05,63.48,2026-02-17T12:32:00,2026-02-19T00:32:00
230,TMC-BK-10229,7,Flight-International,Offline Walk-In,1633.12,372.24,2026-07-08T14:31:00,2026-07-08T17:31:00
231,TMC-BK-10230,7,Flight-Domestic,online cbt,1173.02,402.09,2026-02-17T23:29:00,2026-02-19T11:29:00
232,TMC-BK-10231,6,Hotel-Booking,Offline Walk-In,2629.3,408.88,2026-02-02T17:25:00,2026-02-02T18:25:00
233,TMC-BK-10232,1,Flight-International,OFFLINE,856.93,295.36,2026-09-11T08:20:00,2026-09-13T08:20:00
234,TMC-BK-10233,7,Hotel-Booking,Offline Walk-In,$732.28,25.08,2026-03-08T18:54:00,2026-03-08T23:54:00
235,TMC-BK-10234,4,Hotel-Booking,online cbt,158.96,87.36,2026-01-25T01:06:00,2026-01-26T13:06:00
236,TMC-BK-10235,8,Flight-International,Email Request,1125.72,88.42,2026/03/05 05:28:00,2026/03/05 10:28:00
237,TMC-BK-10236,7,Flight-Domestic,OFFLINE,2505.01,250.78,2026-08-08T06:44:00,2026-08-08T07:44:00
238,TMC-BK-10237,6,Flight-Domestic,Email Request,3245.1,190.74,2026-05-21T02:41:00,2026-05-21T05:41:00
239,TMC-BK-10238,2,Hotel-Booking,online cbt,2364.96,270.62,2026-03-26T01:25:00,2026-03-27T13:25:00
240,TMC-BK-10239,7,Flight-Domestic,OFFLINE,1974.28,108.16,30-04-2026 13:41,30-04-2026 14:11
241,TMC-BK-10240,3,Flight-Domestic,Offline Walk-In,$2919.21,314.64,2026-09-02T02:08:00,2026-09-02T20:08:00
242,TMC-BK-10241,5,Flight-International,Offline Walk-In,705.84,159.55,2026-01-05T00:44:00,2026-01-05T03:44:00
243,TMC-BK-10242,8,Hotel-Booking,Offline Walk-In,2056.84,267.37,2026/08/05 22:08:00,2026/08/06 03:08:00
244,TMC-BK-10243,4,Hotel-Booking,OFFLINE,2457.07,413.11,2026-07-16T02:46:00,2026-07-18T02:46:00
245,TMC-BK-10244,2,Flight-International,OFFLINE,1826.58,154.43,2026-06-03T04:24:00,2026-06-05T04:24:00
246,TMC-BK-10245,5,Hotel-Booking,Offline Walk-In,283.53,425.92,2026/03/15 02:33:00,2026/03/15 20:33:00
247,TMC-BK-10246,7,Hotel-Booking,Offline Walk-In,$988.73,209.76,2026-03-26T14:22:00,2026-03-28T02:22:00
248,TMC-BK-10247,5,Hotel-Booking,Email Request,3372.4,442.6,30-07-2026 19:43,31-07-2026 00:43
249,TMC-BK-10248,4,Flight-International,OFFLINE,3335.13,171.31,2026-02-21T04:48:00,2026-02-21T05:18:00
250,TMC-BK-10249,1,Flight-Domestic,Offline Walk-In,$1052.86,62.95,2026-08-08T10:50:00,2026-08-08T11:50:00
251,TMC-BK-10250,1,Flight-Domestic,online cbt,2683.5,28.45,2026-05-08T17:38:00,2026-05-09T11:38:00
252,TMC-BK-10251,2,Hotel-Booking,Offline Walk-In,3218.84,444.23,2026-01-14T21:56:00,2026-01-15T00:56:00
253,TMC-BK-10252,1,Flight-Domestic,OFFLINE,2276.53,196.78,2026-04-07T23:25:00,2026-04-08T02:25:00
254,TMC-BK-10253,7,Flight-International,Offline Walk-In,1315.67,79.21,2026-05-03T15:24:00,2026-05-03T15:54:00
255,TMC-BK-10254,4,Flight-Domestic,Email Request,3023.41,150.03,2026-02-06T16:56:00,2026-02-06T17:26:00
256,TMC-BK-10255,6,Flight-International,Online Portal,1115.53,181.92,2026-03-09T12:55:00,2026-03-11T12:55:00
257,TMC-BK-10256,7,Hotel-Booking,OFFLINE,1992.82,258.28,2026/03/30 15:49:00,2026/03/30 16:19:00
258,TMC-BK-10257,6,Flight-International,OFFLINE,1232.97,47.58,2026/02/04 00:16:00,2026/02/04 01:16:00
259,TMC-BK-10258,2,Flight-International,Online Portal,1873.9,323.93,2026-01-31T12:32:00,2026-01-31T15:32:00
260,TMC-BK-10259,3,Flight-International,Offline Walk-In,1967.69,373.82,2026/08/01 13:44:00,2026/08/01 18:44:00
261,TMC-BK-10260,7,Hotel-Booking,Email Request,1361.96,177.68,2026/03/20 08:05:00,2026/03/20 11:05:00
262,TMC-BK-10261,5,Flight-Domestic,Offline Walk-In,2695.97,391.03,2026-04-15T04:34:00,2026-04-15T07:34:00
263,TMC-BK-10262,5,Flight-Domestic,Online Portal,3257.7,392.91,2026-02-03T09:44:00,2026-02-03T14:44:00
264,TMC-BK-10263,7,Flight-International,Email Request,556.78,124.98,2026-01-30T07:05:00,2026-01-30T12:05:00
265,TMC-BK-10264,6,Flight-International,online cbt,951.65,323.44,2026-01-29T09:42:00,2026-01-30T21:42:00
266,TMC-BK-10265,5,Flight-Domestic,online cbt,$2000.04,192.56,2026/01/07 22:08:00,2026/01/09 10:08:00
267,TMC-BK-10266,7,Hotel-Booking,Email Request,3474.06,160.2,2026-09-12T11:33:00,2026-09-13T05:33:00
268,TMC-BK-10267,4,Flight-International,online cbt,543.51,187.69,2026-03-27T11:08:00,2026-03-28T23:08:00
269,TMC-BK-10268,7,Flight-Domestic,Email Request,2550.62,187.17,2026-03-02T00:21:00,2026-03-04T00:21:00
270,TMC-BK-10269,8,Flight-International,Offline Walk-In,2946.33,256.68,2026/05/15 22:36:00,2026/05/17 10:36:00
271,TMC-BK-10270,3,Flight-International,Offline Walk-In,1996.74,306.56,2026-08-22T16:23:00,2026-08-22T16:53:00
272,TMC-BK-10271,6,Flight-International,Online Portal,1852.61,226.82,2026-07-08T05:16:00,2026-07-10T05:16:00
273,TMC-BK-10272,8,Hotel-Booking,Offline Walk-In,1075.43,105.0,2026/03/01 07:47:00,2026/03/02 01:47:00
274,TMC-BK-10273,5,Hotel-Booking,Offline Walk-In,3279.73,188.45,2026-01-07T07:02:00,2026-01-07T12:02:00
275,TMC-BK-10274,5,Flight-Domestic,Online Portal,1097.51,417.9,2026-04-02T01:35:00,2026-04-04T01:35:00
276,TMC-BK-10275,6,Hotel-Booking,OFFLINE,3496.32,381.98,2026-08-03T07:20:00,2026-08-03T08:20:00
277,TMC-BK-10276,7,Hotel-Booking,OFFLINE,1954.24,90.56,2026-05-19T02:36:00,2026-05-19T05:36:00
278,TMC-BK-10277,3,Flight-International,Email Request,1970.49,448.92,27-01-2026 05:14,29-01-2026 05:14
279,TMC-BK-10278,2,Flight-Domestic,OFFLINE,781.99,309.78,2026-07-25T02:56:00,2026-07-25T07:56:00
280,TMC-BK-10279,4,Flight-International,OFFLINE,USD 932.43,82.07,2026-06-09T10:05:00,2026-06-10T04:05:00
281,TMC-BK-10280,8,Flight-International,OFFLINE,2644.76,55.49,2026-05-30T18:50:00,2026-05-30T21:50:00
282,TMC-BK-10281,3,Flight-International,Offline Walk-In,1443.36,31.68,2026-07-08T18:31:00,2026-07-10T18:31:00
283,TMC-BK-10282,2,Flight-Domestic,OFFLINE,USD 3435.74,331.57,2026/05/06 04:00:00,2026/05/06 09:00:00
284,TMC-BK-10283,4,Flight-International,Offline Walk-In,1832.68,231.85,2026-06-27T20:53:00,2026-06-29T08:53:00
285,TMC-BK-10284,7,Hotel-Booking,Offline Walk-In,3078.54,210.61,2026-01-01T21:24:00,2026-01-03T21:24:00
286,TMC-BK-10285,6,Hotel-Booking,Online Portal,1680.71,445.84,16-04-2026 16:15,16-04-2026 21:15
287,TMC-BK-10286,1,Flight-Domestic,Email Request,2343.52,60.98,2026/03/14 22:17:00,2026/03/14 22:47:00
288,TMC-BK-10287,3,Hotel-Booking,Online Portal,3396.83,297.95,2026-04-29T16:26:00,2026-05-01T04:26:00
289,TMC-BK-10288,7,Flight-International,online cbt,2326.95,201.74,2026-02-13T18:06:00,2026-02-14T12:06:00
290,TMC-BK-10289,1,Flight-International,Offline Walk-In,3028.8,218.81,2026-02-08T18:36:00,2026-02-08T19:06:00
291,TMC-BK-10290,2,Flight-Domestic,OFFLINE,2557.7,360.29,2026-05-02T09:16:00,2026-05-04T09:16:00
292,TMC-BK-10291,3,Hotel-Booking,OFFLINE,$270.26,281.88,2026-06-17T10:28:00,2026-06-17T13:28:00
293,TMC-BK-10292,8,Flight-International,online cbt,2264.39,205.92,2026-03-11T18:06:00,2026-03-11T19:06:00
294,TMC-BK-10293,7,Hotel-Booking,Email Request,2651.67,101.41,2026-06-10T13:07:00,2026-06-11T07:07:00
295,TMC-BK-10294,2,Hotel-Booking,Offline Walk-In,2273.06,241.5,20-08-2026 09:29,20-08-2026 12:29
296,TMC-BK-10295,2,Flight-International,online cbt,USD 2474.9,259.62,2026/06/05 22:44:00,2026/06/06 16:44:00
297,TMC-BK-10296,5,Flight-International,online cbt,2817.08,216.27,2026-06-17T04:05:00,2026-06-18T16:05:00
298,TMC-BK-10297,4,Flight-Domestic,online cbt,637.66,176.01,2026-01-26T21:19:00,2026-01-27T00:19:00
299,TMC-BK-10298,6,Flight-International,Offline Walk-In,2804.94,103.96,27-07-2026 14:35,29-07-2026 02:35
300,TMC-BK-10299,2,Flight-Domestic,Offline Walk-In,3067.31,281.94,2026/02/22 04:07:00,2026/02/22 04:37:00
301,TMC-BK-10300,1,Hotel-Booking,Offline Walk-In,$3207.98,270.62,2026-04-24T04:12:00,2026-04-26T04:12:00
302,TMC-BK-10301,7,Hotel-Booking,Offline Walk-In,1694.85,384.89,13-02-2026 18:37,13-02-2026 21:37
303,TMC-BK-10302,7,Flight-Domestic,Online Portal,181.48,125.62,2026-02-03T06:57:00,2026-02-04T18:57:00
304,TMC-BK-10303,5,Flight-Domestic,online cbt,2420.0,238.23,2026/06/19 03:02:00,2026/06/19 08:02:00
305,TMC-BK-10304,1,Hotel-Booking,Online Portal,1307.64,199.61,2026/08/10 23:25:00,2026/08/11 04:25:00
306,TMC-BK-10305,3,Flight-International,Email Request,1571.43,257.12,2026-08-07T05:22:00,2026-08-07T06:22:00
307,TMC-BK-10306,8,Flight-International,online cbt,817.38,180.96,2026-08-17T04:02:00,2026-08-17T22:02:00
308,TMC-BK-10307,8,Hotel-Booking,Offline Walk-In,944.64,440.75,01-06-2026 15:26,02-06-2026 09:26
309,TMC-BK-10308,1,Flight-Domestic,Offline Walk-In,3475.52,266.46,2026-07-16T04:26:00,2026-07-16T05:26:00
310,TMC-BK-10309,4,Flight-Domestic,Offline Walk-In,2355.07,324.58,2026-05-08T20:51:00,2026-05-09T14:51:00
311,TMC-BK-10310,5,Hotel-Booking,Online Portal,USD 2447.43,73.09,2026-07-03T15:34:00,2026-07-05T15:34:00
312,TMC-BK-10311,4,Flight-International,Offline Walk-In,2181.46,229.65,2026-09-15T10:24:00,2026-09-15T13:24:00
313,TMC-BK-10312,1,Flight-Domestic,online cbt,1108.75,318.46,23-04-2026 00:57,25-04-2026 00:57
314,TMC-BK-10313,4,Flight-International,OFFLINE,1330.28,85.39,2026-08-30T16:22:00,2026-09-01T16:22:00
315,TMC-BK-10314,3,Flight-Domestic,online cbt,2420.51,335.8,2026-03-23T03:15:00,2026-03-24T15:15:00
316,TMC-BK-10315,1,Hotel-Booking,Email Request,2958.43,443.02,2026-01-29T07:36:00,2026-01-31T07:36:00
317,TMC-BK-10316,6,Flight-Domestic,online cbt,2315.24,443.06,2026-03-30T05:15:00,2026-03-30T23:15:00
318,TMC-BK-10317,4,Hotel-Booking,Offline Walk-In,2091.57,356.02,2026-07-03T18:01:00,2026-07-05T06:01:00
319,TMC-BK-10318,1,Flight-Domestic,online cbt,1138.62,222.6,2026-03-14T18:12:00,2026-03-16T18:12:00
320,TMC-BK-10319,3,Hotel-Booking,online cbt,592.74,58.25,10-09-2026 17:19,10-09-2026 18:19
321,TMC-BK-10320,2,Hotel-Booking,Online Portal,1928.36,403.21,30-04-2026 19:14,30-04-2026 19:44
322,TMC-BK-10321,5,Flight-Domestic,OFFLINE,1010.85,62.59,2026-04-14T04:21:00,2026-04-15T16:21:00
323,TMC-BK-10322,7,Flight-International,online cbt,2851.74,225.79,2026-06-15T01:01:00,2026-06-15T02:01:00
324,TMC-BK-10323,6,Hotel-Booking,Email Request,535.82,340.22,2026-02-26T16:55:00,2026-02-26T19:55:00
325,TMC-BK-10324,7,Flight-International,online cbt,3387.78,433.17,2026-07-22T18:06:00,2026-07-22T21:06:00
326,TMC-BK-10325,7,Hotel-Booking,OFFLINE,3432.81,58.18,2026-03-22T23:27:00,2026-03-24T23:27:00
327,TMC-BK-10326,4,Flight-Domestic,OFFLINE,USD 1375.35,294.32,2026-06-12T05:45:00,2026-06-12T23:45:00
328,TMC-BK-10327,1,Flight-Domestic,OFFLINE,1947.52,364.19,2026-07-02T07:42:00,2026-07-03T01:42:00
329,TMC-BK-10328,2,Hotel-Booking,OFFLINE,2402.34,157.81,2026/05/31 04:11:00,2026/06/01 16:11:00
330,TMC-BK-10329,2,Flight-Domestic,OFFLINE,$3299.98,47.43,2026-07-20T18:02:00,2026-07-20T19:02:00
331,TMC-BK-10330,5,Flight-Domestic,Online Portal,$933.3,171.01,2026-04-24T20:36:00,2026-04-24T21:06:00
332,TMC-BK-10331,6,Hotel-Booking,OFFLINE,3112.19,355.87,2026-02-09T07:22:00,2026-02-09T10:22:00
333,TMC-BK-10332,6,Hotel-Booking,Online Portal,$891.58,224.27,2026-02-15T22:42:00,2026-02-17T10:42:00
334,TMC-BK-10333,5,Flight-International,online cbt,2909.92,242.88,2026-01-06T08:13:00,2026-01-06T09:13:00
335,TMC-BK-10334,4,Flight-International,online cbt,$1517.79,224.42,2026-02-25T23:00:00,2026-02-25T23:30:00
336,TMC-BK-10335,4,Hotel-Booking,Online Portal,3319.98,336.87,2026-03-27T13:31:00,2026-03-27T18:31:00
337,TMC-BK-10336,8,Flight-International,Offline Walk-In,475.59,203.93,2026-09-03T18:41:00,2026-09-05T18:41:00
338,TMC-BK-10337,7,Flight-Domestic,OFFLINE,1669.71,433.25,2026-02-07T01:18:00,2026-02-07T01:48:00
339,TMC-BK-10338,1,Flight-Domestic,OFFLINE,3319.01,364.24,07-02-2026 10:10,07-02-2026 15:10
340,TMC-BK-10339,5,Flight-Domestic,online cbt,667.65,147.91,2026-02-17T10:38:00,2026-02-18T04:38:00
341,TMC-BK-10340,3,Hotel-Booking,Online Portal,1789.31,40.01,2026-08-09T20:10:00,2026-08-10T14:10:00
342,TMC-BK-10341,7,Flight-Domestic,OFFLINE,259.6,417.22,2026-02-21T10:13:00,2026-02-21T11:13:00
343,TMC-BK-10342,2,Flight-Domestic,online cbt,3334.36,343.51,16-05-2026 21:18,17-05-2026 00:18
344,TMC-BK-10343,2,Flight-International,OFFLINE,2447.03,333.96,2026/09/09 04:03:00,2026/09/09 07:03:00
345,TMC-BK-10344,5,Hotel-Booking,Online Portal,1351.56,264.58,2026-02-14T09:52:00,2026-02-15T21:52:00
346,TMC-BK-10345,6,Hotel-Booking,Offline Walk-In,559.24,51.1,2026-02-19T00:13:00,2026-02-19T01:13:00
347,TMC-BK-10346,2,Flight-Domestic,Email Request,2370.28,226.09,2026-08-31T03:19:00,2026-09-02T03:19:00
348,TMC-BK-10347,5,Hotel-Booking,online cbt,221.55,96.86,2026-05-16T02:41:00,2026-05-16T20:41:00
349,TMC-BK-10348,5,Flight-International,online cbt,571.85,46.94,2026/07/15 11:11:00,2026/07/15 16:11:00
350,TMC-BK-10349,8,Flight-International,Email Request,2713.28,445.91,2026-08-14T14:16:00,2026-08-14T15:16:00
351,TMC-BK-10350,7,Hotel-Booking,Email Request,3063.48,368.78,2026/03/19 22:42:00,2026/03/19 23:12:00
352,TMC-BK-10351,8,Flight-Domestic,online cbt,$3166.78,290.33,2026-06-26T17:26:00,2026-06-28T17:26:00
353,TMC-BK-10352,4,Hotel-Booking,Offline Walk-In,$3025.66,146.9,2026-07-18T16:26:00,2026-07-19T10:26:00
354,TMC-BK-10353,6,Flight-International,online cbt,585.47,60.07,2026-05-01T15:19:00,2026-05-01T15:49:00
355,TMC-BK-10354,8,Flight-Domestic,Email Request,$2364.54,239.88,2026-01-18T16:36:00,2026-01-19T10:36:00
356,TMC-BK-10355,8,Hotel-Booking,OFFLINE,199.78,386.86,2026-03-17T03:48:00,2026-03-17T08:48:00
357,TMC-BK-10356,1,Flight-International,Online Portal,1234.63,143.09,2026-04-19T06:08:00,2026-04-19T06:38:00
358,TMC-BK-10357,8,Hotel-Booking,OFFLINE,2634.76,81.33,2026-08-11T06:52:00,2026-08-12T18:52:00
359,TMC-BK-10358,2,Hotel-Booking,Offline Walk-In,1745.42,144.41,2026/06/13 23:58:00,2026/06/15 23:58:00
360,TMC-BK-10359,5,Flight-Domestic,online cbt,515.33,389.59,2026-07-18T17:25:00,2026-07-19T11:25:00
361,TMC-BK-10360,2,Flight-International,online cbt,295.27,31.04,2026-08-23T00:50:00,2026-08-24T12:50:00
362,TMC-BK-10361,7,Hotel-Booking,Online Portal,1896.86,72.41,2026-08-03T03:26:00,2026-08-03T04:26:00
363,TMC-BK-10362,4,Hotel-Booking,OFFLINE,353.77,99.21,2026-02-21T03:36:00,2026-02-23T03:36:00
364,TMC-BK-10363,4,Flight-Domestic,Online Portal,2448.43,276.5,2026-06-26T13:16:00,2026-06-26T18:16:00
365,TMC-BK-10364,6,Hotel-Booking,Offline Walk-In,$396.19,89.23,2026-08-31T01:11:00,2026-08-31T04:11:00
366,TMC-BK-10365,7,Flight-International,OFFLINE,$2187.8,214.83,25-07-2026 01:25,25-07-2026 04:25
367,TMC-BK-10366,6,Hotel-Booking,OFFLINE,1071.3,368.33,2026/09/01 08:57:00,2026/09/01 11:57:00
368,TMC-BK-10367,1,Flight-Domestic,Offline Walk-In,1239.37,136.03,2026-06-05T09:17:00,2026-06-07T09:17:00
369,TMC-BK-10368,5,Flight-Domestic,online cbt,1669.95,322.83,2026-02-20T07:08:00,2026-02-20T10:08:00
370,TMC-BK-10369,4,Flight-Domestic,online cbt,2500.96,231.09,14-06-2026 08:46,14-06-2026 13:46
371,TMC-BK-10370,5,Hotel-Booking,Email Request,2726.03,364.73,2026-08-15T06:58:00,2026-08-17T06:58:00
372,TMC-BK-10371,2,Flight-Domestic,online cbt,1662.71,391.36,2026-07-11T01:32:00,2026-07-13T01:32:00
373,TMC-BK-10372,7,Flight-International,Online Portal,1669.22,170.71,2026-09-17T12:08:00,2026-09-19T12:08:00
374,TMC-BK-10373,6,Flight-International,Offline Walk-In,1579.66,60.87,15-01-2026 05:12,17-01-2026 05:12
375,TMC-BK-10374,2,Hotel-Booking,online cbt,661.34,86.65,2026-01-17T14:03:00,2026-01-17T17:03:00
376,TMC-BK-10375,3,Hotel-Booking,OFFLINE,$2936.44,421.93,2026-08-26T16:25:00,2026-08-28T04:25:00
377,TMC-BK-10376,8,Flight-International,Offline Walk-In,473.49,90.51,2026-05-04T11:31:00,2026-05-05T05:31:00
378,TMC-BK-10377,6,Flight-International,online cbt,2013.84,235.78,2026-08-31T18:35:00,2026-08-31T21:35:00
379,TMC-BK-10378,6,Flight-International,Online Portal,$1254.31,447.27,2026/05/13 23:53:00,2026/05/15 11:53:00
380,TMC-BK-10379,4,Flight-International,Email Request,1334.55,352.41,2026-01-15T12:03:00,2026-01-15T13:03:00
381,TMC-BK-10380,5,Flight-International,Email Request,3058.11,126.13,2026-04-20T07:41:00,2026-04-20T08:41:00
382,TMC-BK-10381,3,Flight-International,Offline Walk-In,2161.37,212.08,2026-07-29T16:01:00,2026-07-31T16:01:00
383,TMC-BK-10382,4,Flight-International,Online Portal,862.67,295.97,2026-01-05T15:58:00,2026-01-05T16:58:00
384,TMC-BK-10383,8,Flight-Domestic,Online Portal,512.53,114.61,2026-01-05T07:16:00,2026-01-06T01:16:00
385,TMC-BK-10384,4,Flight-International,Online Portal,2704.73,337.1,2026-05-21T13:57:00,2026-05-21T18:57:00
386,TMC-BK-10385,4,Flight-International,online cbt,2981.27,171.66,2026-04-22T14:19:00,2026-04-24T02:19:00
387,TMC-BK-10386,4,Flight-International,Email Request,USD 2205.47,297.96,2026-02-22T00:32:00,2026-02-23T12:32:00
388,TMC-BK-10387,5,Hotel-Booking,Online Portal,3262.43,346.08,2026-05-25T09:43:00,2026-05-25T10:13:00
389,TMC-BK-10388,4,Hotel-Booking,OFFLINE,754.39,74.3,2026-05-22T20:20:00,2026-05-24T20:20:00
390,TMC-BK-10389,4,Flight-Domestic,online cbt,$1288.41,96.23,2026-06-02T06:09:00,2026-06-03T00:09:00
391,TMC-BK-10390,4,Hotel-Booking,OFFLINE,3064.04,194.47,26-07-2026 21:20,28-07-2026 09:20
392,TMC-BK-10391,4,Flight-Domestic,OFFLINE,USD 625.28,153.08,2026-09-12T09:16:00,2026-09-12T14:16:00
393,TMC-BK-10392,6,Hotel-Booking,Offline Walk-In,2649.47,342.11,2026-04-08T10:46:00,2026-04-09T22:46:00
394,TMC-BK-10393,3,Hotel-Booking,online cbt,1292.0,344.78,2026-09-01T21:22:00,2026-09-02T15:22:00
395,TMC-BK-10394,2,Hotel-Booking,OFFLINE,2752.4,251.32,2026-04-03T09:06:00,2026-04-03T14:06:00
396,TMC-BK-10395,2,Hotel-Booking,online cbt,326.24,186.42,2026-04-04T21:57:00,2026-04-05T00:57:00
397,TMC-BK-10396,2,Flight-Domestic,Online Portal,2407.8,324.88,2026-04-25T23:55:00,2026-04-26T02:55:00
398,TMC-BK-10397,8,Flight-International,Offline Walk-In,1776.97,226.7,2026-07-10T08:37:00,2026-07-10T11:37:00
399,TMC-BK-10398,1,Flight-Domestic,Email Request,$2679.06,86.69,28-01-2026 20:37,29-01-2026 14:37
400,TMC-BK-10399,1,Flight-International,OFFLINE,1590.21,394.87,2026-04-10T16:07:00,2026-04-12T16:07:00
401,TMC-BK-10400,8,Hotel-Booking,Offline Walk-In,USD 1780.22,30.04,2026-07-31T01:55:00,2026-08-02T01:55:00
402,TMC-BK-10401,6,Hotel-Booking,Offline Walk-In,USD 1474.13,419.07,2026-06-25T13:36:00,2026-06-25T18:36:00
403,TMC-BK-10402,6,Flight-International,Offline Walk-In,1159.75,215.75,2026-04-03T02:31:00,2026-04-03T05:31:00
404,TMC-BK-10403,8,Flight-International,Offline Walk-In,USD 1005.99,313.36,2026-01-30T00:28:00,2026-01-30T03:28:00
405,TMC-BK-10404,5,Flight-International,Online Portal,2652.5,433.75,2026-03-23T15:50:00,2026-03-25T15:50:00
406,TMC-BK-10405,8,Hotel-Booking,online cbt,2507.3,315.22,2026-08-11T20:27:00,2026-08-12T01:27:00
407,TMC-BK-10406,3,Flight-Domestic,Email Request,$2850.77,42.43,2026-01-03T01:34:00,2026-01-03T02:34:00
408,TMC-BK-10407,5,Flight-International,Email Request,$3036.91,415.03,2026-06-14T16:12:00,2026-06-14T16:42:00
409,TMC-BK-10408,7,Flight-Domestic,online cbt,212.78,295.91,2026-05-08T07:44:00,2026-05-08T10:44:00
410,TMC-BK-10409,4,Hotel-Booking,Email Request,2078.79,431.38,2026/09/15 18:19:00,2026/09/15 19:19:00
411,TMC-BK-10410,3,Flight-International,Offline Walk-In,$1549.27,208.51,2026-01-24T09:18:00,2026-01-24T14:18:00
412,TMC-BK-10411,1,Flight-Domestic,Online Portal,219.87,415.17,2026-06-22T13:56:00,2026-06-24T01:56:00
413,TMC-BK-10412,7,Hotel-Booking,Offline Walk-In,2220.72,389.8,2026-09-08T11:48:00,2026-09-08T12:48:00
414,TMC-BK-10413,8,Hotel-Booking,Offline Walk-In,445.24,167.36,2026-07-26T00:14:00,2026-07-26T01:14:00
415,TMC-BK-10414,1,Flight-Domestic,Online Portal,2122.72,138.51,2026-01-12T18:32:00,2026-01-12T19:32:00
416,TMC-BK-10415,6,Flight-Domestic,OFFLINE,1189.42,66.77,2026-01-20T12:56:00,2026-01-22T00:56:00
417,TMC-BK-10416,7,Hotel-Booking,Email Request,713.24,303.1,2026-01-25T19:03:00,2026-01-27T07:03:00
418,TMC-BK-10417,3,Flight-International,Online Portal,1858.34,191.24,2026-01-25T22:07:00,2026-01-26T03:07:00
419,TMC-BK-10418,8,Hotel-Booking,online cbt,2586.72,353.59,2026-05-10T15:44:00,2026-05-10T16:44:00
420,TMC-BK-10419,2,Flight-Domestic,online cbt,$941.5,343.36,2026-01-05T09:26:00,2026-01-06T21:26:00
421,TMC-BK-10420,8,Hotel-Booking,online cbt,810.86,337.08,2026-03-12T13:53:00,2026-03-12T14:23:00
422,TMC-BK-10421,6,Flight-International,OFFLINE,2345.96,275.21,2026-05-25T03:50:00,2026-05-25T04:20:00
423,TMC-BK-10422,1,Hotel-Booking,Online Portal,1805.29,107.84,2026-05-15T16:12:00,2026-05-15T19:12:00
424,TMC-BK-10423,1,Flight-International,OFFLINE,1653.83,168.4,2026-01-21T17:31:00,2026-01-21T18:31:00
425,TMC-BK-10424,4,Flight-Domestic,online cbt,2278.25,318.37,2026/05/01 00:00:00,2026/05/02 12:00:00
426,TMC-BK-10425,7,Flight-International,Offline Walk-In,2251.18,101.46,26-02-2026 18:42,26-02-2026 23:42
427,TMC-BK-10426,2,Flight-International,Offline Walk-In,1631.4,257.74,2026-02-08T23:46:00,2026-02-09T00:16:00
428,TMC-BK-10427,6,Hotel-Booking,OFFLINE,338.18,310.94,2026/08/22 09:16:00,2026/08/22 14:16:00
429,TMC-BK-10428,6,Flight-International,online cbt,$1663.91,378.47,2026-03-31T01:54:00,2026-03-31T04:54:00
430,TMC-BK-10429,5,Flight-International,online cbt,$2936.18,30.08,2026-08-07T23:07:00,2026-08-07T23:37:00
431,TMC-BK-10430,3,Hotel-Booking,online cbt,3045.24,66.52,2026-01-05T04:42:00,2026-01-06T16:42:00
432,TMC-BK-10431,5,Flight-International,online cbt,1848.68,69.16,2026/08/13 19:17:00,2026/08/15 07:17:00
433,TMC-BK-10432,4,Hotel-Booking,Online Portal,2802.59,214.53,2026-06-25T05:07:00,2026-06-25T10:07:00
434,TMC-BK-10433,5,Flight-Domestic,OFFLINE,2862.88,118.25,2026-07-17T22:54:00,2026-07-18T03:54:00
435,TMC-BK-10434,8,Flight-International,OFFLINE,1743.36,145.4,2026-03-27T03:08:00,2026-03-28T15:08:00
436,TMC-BK-10435,6,Flight-International,Online Portal,496.73,107.06,2026-03-23T03:26:00,2026-03-23T21:26:00
437,TMC-BK-10436,6,Hotel-Booking,Offline Walk-In,2542.96,35.07,2026-08-13T05:39:00,2026-08-13T10:39:00
438,TMC-BK-10437,3,Hotel-Booking,OFFLINE,979.94,64.08,2026-03-08T15:58:00,2026-03-08T20:58:00
439,TMC-BK-10438,8,Flight-International,Email Request,1901.21,423.86,2026-01-24T02:16:00,2026-01-25T14:16:00
440,TMC-BK-10439,7,Hotel-Booking,OFFLINE,1097.69,304.06,2026-04-25T21:55:00,2026-04-26T00:55:00
441,TMC-BK-10440,4,Hotel-Booking,OFFLINE,2152.92,380.07,2026-02-18T13:42:00,2026-02-20T01:42:00
442,TMC-BK-10441,7,Flight-International,Offline Walk-In,$370.8,428.96,2026-07-17T04:53:00,2026-07-19T04:53:00
443,TMC-BK-10442,6,Hotel-Booking,Online Portal,2422.57,296.19,2026-01-28T00:41:00,2026-01-28T01:41:00
444,TMC-BK-10443,6,Hotel-Booking,Offline Walk-In,2349.49,325.93,2026-09-11T05:04:00,2026-09-13T05:04:00
445,TMC-BK-10444,7,Hotel-Booking,Offline Walk-In,1266.76,75.99,2026-05-23T01:32:00,2026-05-23T02:32:00
446,TMC-BK-10445,5,Flight-Domestic,Online Portal,1321.9,388.99,2026-05-01T02:29:00,2026-05-01T07:29:00
447,TMC-BK-10446,8,Hotel-Booking,Email Request,1463.06,80.21,2026-09-13T14:20:00,2026-09-13T14:50:00
448,TMC-BK-10447,3,Flight-International,Online Portal,1187.1,303.97,2026/01/10 03:25:00,2026/01/10 08:25:00
449,TMC-BK-10448,3,Hotel-Booking,Offline Walk-In,2874.17,407.46,2026-01-01T02:50:00,2026-01-01T20:50:00
450,TMC-BK-10449,4,Hotel-Booking,Online Portal,2624.9,265.58,2026-09-18T17:13:00,2026-09-20T05:13:00
451,TMC-BK-10450,2,Flight-Domestic,OFFLINE,2314.18,436.05,2026-07-06T01:52:00,2026-07-06T02:52:00
452,TMC-BK-10451,5,Hotel-Booking,OFFLINE,1364.7,405.8,2026-08-31T22:42:00,2026-09-01T01:42:00
453,TMC-BK-10452,4,Flight-Domestic,Email Request,3324.69,320.65,2026-04-24T00:21:00,2026-04-24T03:21:00
454,TMC-BK-10453,7,Hotel-Booking,Email Request,$610.84,132.67,30-05-2026 17:33,30-05-2026 20:33
455,TMC-BK-10454,7,Hotel-Booking,Online Portal,$2978.84,223.46,2026-03-26T15:08:00,2026-03-28T15:08:00
456,TMC-BK-10455,4,Flight-Domestic,Online Portal,2732.43,422.88,2026-02-24T08:39:00,2026-02-24T09:39:00
457,TMC-BK-10456,3,Flight-International,Online Portal,276.45,296.48,2026-07-21T06:29:00,2026-07-23T06:29:00
458,TMC-BK-10457,3,Flight-International,online cbt,589.01,417.15,2026-02-25T13:02:00,2026-02-27T01:02:00
459,TMC-BK-10458,8,Flight-International,Offline Walk-In,2935.01,142.46,2026-08-19T14:42:00,2026-08-20T08:42:00
460,TMC-BK-10459,1,Hotel-Booking,Offline Walk-In,704.56,206.47,2026/09/13 00:33:00,2026/09/14 12:33:00
461,TMC-BK-10460,3,Flight-Domestic,Email Request,2415.82,408.94,2026-08-10T18:30:00,2026-08-11T12:30:00
462,TMC-BK-10461,7,Hotel-Booking,OFFLINE,1104.51,352.2,2026-03-30T23:52:00,2026-03-31T00:52:00
463,TMC-BK-10462,8,Flight-Domestic,OFFLINE,1938.94,162.45,2026-06-14T16:56:00,2026-06-14T21:56:00
464,TMC-BK-10463,3,Hotel-Booking,OFFLINE,1721.2,93.84,2026-05-08T08:25:00,2026-05-08T11:25:00
465,TMC-BK-10464,6,Flight-International,OFFLINE,3322.89,56.45,2026-03-10T04:26:00,2026-03-10T22:26:00
466,TMC-BK-10465,8,Hotel-Booking,Offline Walk-In,1093.94,355.27,2026-06-03T22:35:00,2026-06-05T22:35:00
467,TMC-BK-10466,5,Hotel-Booking,online cbt,3387.0,187.69,2026-04-22T06:13:00,2026-04-23T00:13:00
468,TMC-BK-10467,5,Flight-Domestic,OFFLINE,613.64,166.38,2026-03-09T22:41:00,2026-03-09T23:41:00
469,TMC-BK-10468,1,Flight-Domestic,Email Request,3078.29,50.52,2026-06-15T22:07:00,2026-06-17T22:07:00
470,TMC-BK-10469,7,Flight-Domestic,Online Portal,2983.74,431.13,2026-08-02T21:47:00,2026-08-04T21:47:00
471,TMC-BK-10470,2,Hotel-Booking,Online Portal,2706.44,137.48,2026/08/05 00:33:00,2026/08/05 01:03:00
472,TMC-BK-10471,3,Flight-Domestic,Email Request,643.62,212.24,2026-03-16T01:42:00,2026-03-16T02:12:00
473,TMC-BK-10472,1,Flight-Domestic,Email Request,893.83,233.98,24-03-2026 09:43,24-03-2026 12:43
474,TMC-BK-10473,4,Flight-Domestic,Email Request,$239.35,419.65,2026/06/01 06:48:00,2026/06/02 00:48:00
475,TMC-BK-10474,5,Hotel-Booking,online cbt,1831.72,284.38,2026-08-20T03:39:00,2026-08-22T03:39:00
476,TMC-BK-10475,8,Flight-Domestic,Online Portal,$1405.96,100.84,2026-04-25T23:41:00,2026-04-26T17:41:00
477,TMC-BK-10476,2,Hotel-Booking,online cbt,3268.27,234.12,2026-05-28T22:42:00,2026-05-28T23:12:00
478,TMC-BK-10477,8,Flight-Domestic,OFFLINE,$2801.13,86.15,2026-06-10T17:03:00,2026-06-10T17:33:00
479,TMC-BK-10478,6,Hotel-Booking,Online Portal,1111.05,351.7,2026-08-15T07:58:00,2026-08-16T19:58:00
480,TMC-BK-10479,5,Flight-International,Email Request,614.96,117.81,2026-04-11T23:12:00,2026-04-12T02:12:00
481,TMC-BK-10480,6,Hotel-Booking,online cbt,$167.59,298.42,2026-02-08T05:11:00,2026-02-09T17:11:00
482,TMC-BK-10481,6,Hotel-Booking,Offline Walk-In,1007.35,412.86,2026-08-08T08:35:00,2026-08-08T11:35:00
483,TMC-BK-10482,5,Flight-International,Online Portal,2586.24,329.05,2026-05-11T00:21:00,2026-05-11T05:21:00
484,TMC-BK-10483,6,Flight-Domestic,Email Request,USD 1115.14,68.9,2026-03-20T10:38:00,2026-03-20T11:08:00
485,TMC-BK-10484,1,Hotel-Booking,Email Request,1556.42,55.99,04-06-2026 15:50,05-06-2026 09:50
486,TMC-BK-10485,7,Hotel-Booking,OFFLINE,521.37,267.82,2026-06-12T16:14:00,2026-06-12T17:14:00
487,TMC-BK-10486,2,Flight-Domestic,online cbt,205.06,131.5,2026-03-23T13:34:00,2026-03-24T07:34:00
488,TMC-BK-10487,6,Flight-Domestic,OFFLINE,630.98,214.5,2026-04-20T21:21:00,2026-04-21T00:21:00
489,TMC-BK-10488,4,Flight-Domestic,Offline Walk-In,955.89,406.02,01-09-2026 17:52,03-09-2026 17:52
490,TMC-BK-10489,3,Flight-Domestic,Offline Walk-In,436.81,88.26,2026-06-27T14:15:00,2026-06-29T02:15:00
491,TMC-BK-10490,5,Flight-Domestic,OFFLINE,1912.3,297.14,2026-01-21T21:56:00,2026-01-22T00:56:00
492,TMC-BK-10491,6,Flight-International,Online Portal,2006.41,421.48,28-02-2026 12:16,01-03-2026 06:16
493,TMC-BK-10492,6,Hotel-Booking,Online Portal,2279.5,307.46,11-07-2026 16:51,12-07-2026 10:51
494,TMC-BK-10493,8,Flight-International,OFFLINE,204.41,138.24,2026-04-09T10:32:00,2026-04-09T11:02:00
495,TMC-BK-10494,8,Flight-Domestic,OFFLINE,2605.35,322.52,2026-01-04T20:04:00,2026-01-04T21:04:00
496,TMC-BK-10495,2,Hotel-Booking,Online Portal,USD 2612.88,409.46,2026-08-06T03:13:00,2026-08-06T21:13:00
497,TMC-BK-10496,7,Flight-International,online cbt,1979.15,269.22,2026-08-11T20:52:00,2026-08-11T21:22:00
498,TMC-BK-10497,5,Hotel-Booking,OFFLINE,2760.13,244.04,2026/08/24 22:21:00,2026/08/24 22:51:00
499,TMC-BK-10498,8,Flight-International,Email Request,2266.32,424.46,2026-01-28T05:50:00,2026-01-28T08:50:00
500,TMC-BK-10499,3,Flight-Domestic,online cbt,2750.24,233.54,2026-04-27T08:26:00,2026-04-27T13:26:00
