interaction_key,ticket_id,client_key,complaint_category,resolution_status,customer_satisfaction_score,complaint_verdict_text
1,TMC-TKT-9900,5,CBT App Crash,Resolved,5.0,CBT system completely crashed during execution
2,TMC-TKT-9901,4,Flight Delay Protocol Failure,Escalated,4.0,Good service overall but agent was slow
3,TMC-TKT-9902,5,Flight Delay Protocol Failure,Escalated,1.0,Protocol team missed me at airport gate
4,TMC-TKT-9903,4,CBT App Crash,Escalated,1.0,Good service overall but agent was slow
5,TMC-TKT-9904,1,Overbilling Request Dispute,Escalated,4.0,OVERCHARGED MY CREDIT CARD FOR FLIGHT TICKET FEES!!!
6,TMC-TKT-9905,5,CBT App Crash,Escalated,5.0,Good service overall but agent was slow
7,TMC-TKT-9906,8,Flight Delay Protocol Failure,Open-Breached,3.0,CBT system completely crashed during execution
8,TMC-TKT-9907,1,CBT App Crash,Open-Breached,,CBT system completely crashed during execution
9,TMC-TKT-9908,7,Flight Delay Protocol Failure,Resolved,2.0,CBT system completely crashed during execution
10,TMC-TKT-9909,1,Delayed Visa Processing,Escalated,1.0,Good service overall but agent was slow
11,TMC-TKT-9910,6,Overbilling Request Dispute,Open-Breached,1.0,highly upset with slow visa advisory response
12,TMC-TKT-9911,7,Delayed Visa Processing,Open-Breached,4.0,Satisfied with response turnaround timeline parameters
13,TMC-TKT-9912,7,Delayed Visa Processing,Resolved,3.0,highly upset with slow visa advisory response
14,TMC-TKT-9913,5,Overbilling Request Dispute,Escalated,5.0,OVERCHARGED MY CREDIT CARD FOR FLIGHT TICKET FEES!!!
15,TMC-TKT-9914,2,Delayed Visa Processing,Resolved,3.0,Satisfied with response turnaround timeline parameters
16,TMC-TKT-9915,8,Delayed Visa Processing,Resolved,,CBT system completely crashed during execution
17,TMC-TKT-9916,8,Flight Delay Protocol Failure,Open-Breached,4.0,OVERCHARGED MY CREDIT CARD FOR FLIGHT TICKET FEES!!!
18,TMC-TKT-9917,6,Overbilling Request Dispute,Open-Breached,3.0,Satisfied with response turnaround timeline parameters
19,TMC-TKT-9918,1,CBT App Crash,Resolved,,Satisfied with response turnaround timeline parameters
20,TMC-TKT-9919,4,Flight Delay Protocol Failure,Escalated,2.0,OVERCHARGED MY CREDIT CARD FOR FLIGHT TICKET FEES!!!
21,TMC-TKT-9920,1,Overbilling Request Dispute,Resolved,5.0,CBT system completely crashed during execution
22,TMC-TKT-9921,5,Delayed Visa Processing,Open-Breached,5.0,Good service overall but agent was slow
23,TMC-TKT-9922,7,Delayed Visa Processing,Open-Breached,3.0,Protocol team missed me at airport gate
24,TMC-TKT-9923,8,Flight Delay Protocol Failure,Open-Breached,1.0,CBT system completely crashed during execution
25,TMC-TKT-9924,6,Flight Delay Protocol Failure,Escalated,2.0,Protocol team missed me at airport gate
26,TMC-TKT-9925,1,Overbilling Request Dispute,Open-Breached,,Protocol team missed me at airport gate
27,TMC-TKT-9926,7,Flight Delay Protocol Failure,Escalated,5.0,Good service overall but agent was slow
28,TMC-TKT-9927,4,Flight Delay Protocol Failure,Escalated,5.0,Satisfied with response turnaround timeline parameters
29,TMC-TKT-9928,6,Overbilling Request Dispute,Resolved,1.0,CBT system completely crashed during execution
30,TMC-TKT-9929,2,Flight Delay Protocol Failure,Escalated,3.0,CBT system completely crashed during execution
31,TMC-TKT-9930,1,Overbilling Request Dispute,Resolved,1.0,CBT system completely crashed during execution
32,TMC-TKT-9931,4,Flight Delay Protocol Failure,Escalated,4.0,Satisfied with response turnaround timeline parameters
33,TMC-TKT-9932,7,Flight Delay Protocol Failure,Open-Breached,,Protocol team missed me at airport gate
34,TMC-TKT-9933,2,Flight Delay Protocol Failure,Escalated,1.0,Satisfied with response turnaround timeline parameters
35,TMC-TKT-9934,4,Delayed Visa Processing,Resolved,2.0,Good service overall but agent was slow
36,TMC-TKT-9935,4,Flight Delay Protocol Failure,Escalated,,highly upset with slow visa advisory response
37,TMC-TKT-9936,3,Overbilling Request Dispute,Escalated,5.0,CBT system completely crashed during execution
38,TMC-TKT-9937,6,Delayed Visa Processing,Open-Breached,3.0,Satisfied with response turnaround timeline parameters
39,TMC-TKT-9938,5,Delayed Visa Processing,Resolved,4.0,highly upset with slow visa advisory response
40,TMC-TKT-9939,2,Flight Delay Protocol Failure,Escalated,2.0,Protocol team missed me at airport gate
41,TMC-TKT-9940,2,CBT App Crash,Resolved,5.0,Protocol team missed me at airport gate
42,TMC-TKT-9941,1,Delayed Visa Processing,Open-Breached,5.0,OVERCHARGED MY CREDIT CARD FOR FLIGHT TICKET FEES!!!
43,TMC-TKT-9942,8,Overbilling Request Dispute,Resolved,3.0,Satisfied with response turnaround timeline parameters
44,TMC-TKT-9943,7,Flight Delay Protocol Failure,Escalated,,Good service overall but agent was slow
45,TMC-TKT-9944,1,Overbilling Request Dispute,Open-Breached,3.0,OVERCHARGED MY CREDIT CARD FOR FLIGHT TICKET FEES!!!
46,TMC-TKT-9945,6,CBT App Crash,Resolved,,Satisfied with response turnaround timeline parameters
47,TMC-TKT-9946,5,Flight Delay Protocol Failure,Escalated,3.0,highly upset with slow visa advisory response
48,TMC-TKT-9947,4,Overbilling Request Dispute,Open-Breached,,Satisfied with response turnaround timeline parameters
49,TMC-TKT-9948,2,Overbilling Request Dispute,Escalated,4.0,Satisfied with response turnaround timeline parameters
50,TMC-TKT-9949,8,Flight Delay Protocol Failure,Escalated,3.0,Satisfied with response turnaround timeline parameters
51,TMC-TKT-9950,4,CBT App Crash,Resolved,2.0,Protocol team missed me at airport gate
52,TMC-TKT-9951,6,Delayed Visa Processing,Escalated,,CBT system completely crashed during execution
53,TMC-TKT-9952,1,Delayed Visa Processing,Escalated,3.0,CBT system completely crashed during execution
54,TMC-TKT-9953,6,Flight Delay Protocol Failure,Open-Breached,3.0,Good service overall but agent was slow
55,TMC-TKT-9954,4,Flight Delay Protocol Failure,Escalated,2.0,highly upset with slow visa advisory response
56,TMC-TKT-9955,2,Flight Delay Protocol Failure,Open-Breached,4.0,OVERCHARGED MY CREDIT CARD FOR FLIGHT TICKET FEES!!!
57,TMC-TKT-9956,8,Flight Delay Protocol Failure,Open-Breached,5.0,highly upset with slow visa advisory response
58,TMC-TKT-9957,2,CBT App Crash,Escalated,3.0,highly upset with slow visa advisory response
59,TMC-TKT-9958,8,Overbilling Request Dispute,Escalated,1.0,Good service overall but agent was slow
60,TMC-TKT-9959,2,Overbilling Request Dispute,Open-Breached,,OVERCHARGED MY CREDIT CARD FOR FLIGHT TICKET FEES!!!
61,TMC-TKT-9960,2,CBT App Crash,Resolved,2.0,CBT system completely crashed during execution
62,TMC-TKT-9961,1,Flight Delay Protocol Failure,Open-Breached,,CBT system completely crashed during execution
63,TMC-TKT-9962,1,Delayed Visa Processing,Resolved,1.0,Protocol team missed me at airport gate
64,TMC-TKT-9963,7,Flight Delay Protocol Failure,Resolved,5.0,OVERCHARGED MY CREDIT CARD FOR FLIGHT TICKET FEES!!!
65,TMC-TKT-9964,6,Overbilling Request Dispute,Resolved,4.0,Protocol team missed me at airport gate
66,TMC-TKT-9965,2,Flight Delay Protocol Failure,Escalated,1.0,Good service overall but agent was slow
67,TMC-TKT-9966,3,Overbilling Request Dispute,Open-Breached,1.0,highly upset with slow visa advisory response
68,TMC-TKT-9967,1,Flight Delay Protocol Failure,Open-Breached,,CBT system completely crashed during execution
69,TMC-TKT-9968,8,Delayed Visa Processing,Open-Breached,2.0,highly upset with slow visa advisory response
70,TMC-TKT-9969,1,Overbilling Request Dispute,Open-Breached,4.0,highly upset with slow visa advisory response
71,TMC-TKT-9970,5,Flight Delay Protocol Failure,Open-Breached,5.0,Satisfied with response turnaround timeline parameters
72,TMC-TKT-9971,7,CBT App Crash,Escalated,,Satisfied with response turnaround timeline parameters
73,TMC-TKT-9972,2,Flight Delay Protocol Failure,Escalated,,Satisfied with response turnaround timeline parameters
74,TMC-TKT-9973,2,Delayed Visa Processing,Resolved,4.0,Satisfied with response turnaround timeline parameters
75,TMC-TKT-9974,1,CBT App Crash,Escalated,4.0,CBT system completely crashed during execution
76,TMC-TKT-9975,1,Delayed Visa Processing,Resolved,5.0,CBT system completely crashed during execution
77,TMC-TKT-9976,5,Flight Delay Protocol Failure,Open-Breached,1.0,OVERCHARGED MY CREDIT CARD FOR FLIGHT TICKET FEES!!!
78,TMC-TKT-9977,7,CBT App Crash,Escalated,,Satisfied with response turnaround timeline parameters
79,TMC-TKT-9978,7,Overbilling Request Dispute,Resolved,,CBT system completely crashed during execution
80,TMC-TKT-9979,2,CBT App Crash,Escalated,1.0,Protocol team missed me at airport gate
81,TMC-TKT-9980,7,CBT App Crash,Resolved,5.0,CBT system completely crashed during execution
82,TMC-TKT-9981,4,Flight Delay Protocol Failure,Escalated,1.0,highly upset with slow visa advisory response
83,TMC-TKT-9982,1,Overbilling Request Dispute,Open-Breached,,highly upset with slow visa advisory response
84,TMC-TKT-9983,8,Overbilling Request Dispute,Escalated,4.0,OVERCHARGED MY CREDIT CARD FOR FLIGHT TICKET FEES!!!
85,TMC-TKT-9984,7,CBT App Crash,Open-Breached,,highly upset with slow visa advisory response
86,TMC-TKT-9985,8,CBT App Crash,Escalated,1.0,Satisfied with response turnaround timeline parameters
87,TMC-TKT-9986,7,CBT App Crash,Resolved,3.0,Protocol team missed me at airport gate
88,TMC-TKT-9987,2,Overbilling Request Dispute,Resolved,4.0,OVERCHARGED MY CREDIT CARD FOR FLIGHT TICKET FEES!!!
89,TMC-TKT-9988,6,CBT App Crash,Resolved,5.0,Satisfied with response turnaround timeline parameters
90,TMC-TKT-9989,1,Delayed Visa Processing,Open-Breached,3.0,Satisfied with response turnaround timeline parameters
91,TMC-TKT-9990,8,Flight Delay Protocol Failure,Open-Breached,4.0,CBT system completely crashed during execution
92,TMC-TKT-9991,6,Flight Delay Protocol Failure,Resolved,2.0,CBT system completely crashed during execution
93,TMC-TKT-9992,4,Flight Delay Protocol Failure,Resolved,,CBT system completely crashed during execution
94,TMC-TKT-9993,2,CBT App Crash,Open-Breached,1.0,highly upset with slow visa advisory response
95,TMC-TKT-9994,2,Flight Delay Protocol Failure,Open-Breached,1.0,highly upset with slow visa advisory response
96,TMC-TKT-9995,1,CBT App Crash,Escalated,4.0,Good service overall but agent was slow
97,TMC-TKT-9996,2,Flight Delay Protocol Failure,Resolved,3.0,Satisfied with response turnaround timeline parameters
98,TMC-TKT-9997,4,Overbilling Request Dispute,Resolved,2.0,Protocol team missed me at airport gate
99,TMC-TKT-9998,3,CBT App Crash,Resolved,4.0,Satisfied with response turnaround timeline parameters
100,TMC-TKT-9999,5,CBT App Crash,Resolved,1.0,CBT system completely crashed during execution
101,TMC-TKT-10000,6,Flight Delay Protocol Failure,Escalated,2.0,Protocol team missed me at airport gate
102,TMC-TKT-10001,7,Overbilling Request Dispute,Escalated,,CBT system completely crashed during execution
103,TMC-TKT-10002,8,Overbilling Request Dispute,Resolved,1.0,OVERCHARGED MY CREDIT CARD FOR FLIGHT TICKET FEES!!!
104,TMC-TKT-10003,8,Delayed Visa Processing,Resolved,3.0,Protocol team missed me at airport gate
105,TMC-TKT-10004,3,Flight Delay Protocol Failure,Escalated,,Protocol team missed me at airport gate
106,TMC-TKT-10005,4,Delayed Visa Processing,Open-Breached,,highly upset with slow visa advisory response
107,TMC-TKT-10006,3,Overbilling Request Dispute,Open-Breached,3.0,Good service overall but agent was slow
108,TMC-TKT-10007,1,CBT App Crash,Resolved,2.0,highly upset with slow visa advisory response
109,TMC-TKT-10008,1,Overbilling Request Dispute,Escalated,1.0,Protocol team missed me at airport gate
110,TMC-TKT-10009,3,Flight Delay Protocol Failure,Resolved,5.0,OVERCHARGED MY CREDIT CARD FOR FLIGHT TICKET FEES!!!
111,TMC-TKT-10010,5,Delayed Visa Processing,Escalated,,highly upset with slow visa advisory response
112,TMC-TKT-10011,7,CBT App Crash,Open-Breached,3.0,Good service overall but agent was slow
113,TMC-TKT-10012,6,Overbilling Request Dispute,Resolved,,Satisfied with response turnaround timeline parameters
114,TMC-TKT-10013,5,CBT App Crash,Resolved,2.0,CBT system completely crashed during execution
115,TMC-TKT-10014,3,CBT App Crash,Escalated,2.0,Protocol team missed me at airport gate
116,TMC-TKT-10015,3,CBT App Crash,Escalated,4.0,highly upset with slow visa advisory response
117,TMC-TKT-10016,8,CBT App Crash,Escalated,3.0,Satisfied with response turnaround timeline parameters
118,TMC-TKT-10017,5,CBT App Crash,Resolved,1.0,highly upset with slow visa advisory response
119,TMC-TKT-10018,6,Overbilling Request Dispute,Resolved,3.0,Satisfied with response turnaround timeline parameters
120,TMC-TKT-10019,5,CBT App Crash,Resolved,4.0,OVERCHARGED MY CREDIT CARD FOR FLIGHT TICKET FEES!!!
121,TMC-TKT-10020,6,Overbilling Request Dispute,Open-Breached,,Protocol team missed me at airport gate
122,TMC-TKT-10021,1,Overbilling Request Dispute,Escalated,,CBT system completely crashed during execution
123,TMC-TKT-10022,3,CBT App Crash,Escalated,5.0,OVERCHARGED MY CREDIT CARD FOR FLIGHT TICKET FEES!!!
124,TMC-TKT-10023,1,Delayed Visa Processing,Open-Breached,2.0,Protocol team missed me at airport gate
125,TMC-TKT-10024,4,Flight Delay Protocol Failure,Resolved,1.0,Protocol team missed me at airport gate
126,TMC-TKT-10025,1,CBT App Crash,Escalated,2.0,Satisfied with response turnaround timeline parameters
127,TMC-TKT-10026,7,Flight Delay Protocol Failure,Resolved,,highly upset with slow visa advisory response
128,TMC-TKT-10027,6,Overbilling Request Dispute,Resolved,4.0,Satisfied with response turnaround timeline parameters
129,TMC-TKT-10028,4,Delayed Visa Processing,Resolved,1.0,Good service overall but agent was slow
130,TMC-TKT-10029,4,Overbilling Request Dispute,Escalated,3.0,Protocol team missed me at airport gate
131,TMC-TKT-10030,4,Delayed Visa Processing,Escalated,5.0,CBT system completely crashed during execution
132,TMC-TKT-10031,2,Overbilling Request Dispute,Open-Breached,5.0,Satisfied with response turnaround timeline parameters
133,TMC-TKT-10032,6,Delayed Visa Processing,Open-Breached,4.0,highly upset with slow visa advisory response
134,TMC-TKT-10033,4,Overbilling Request Dispute,Escalated,2.0,Satisfied with response turnaround timeline parameters
135,TMC-TKT-10034,8,Flight Delay Protocol Failure,Resolved,5.0,Good service overall but agent was slow
136,TMC-TKT-10035,8,Delayed Visa Processing,Open-Breached,2.0,Satisfied with response turnaround timeline parameters
137,TMC-TKT-10036,6,Delayed Visa Processing,Open-Breached,,Satisfied with response turnaround timeline parameters
138,TMC-TKT-10037,6,Delayed Visa Processing,Escalated,,Satisfied with response turnaround timeline parameters
139,TMC-TKT-10038,5,Overbilling Request Dispute,Open-Breached,5.0,Satisfied with response turnaround timeline parameters
140,TMC-TKT-10039,7,Delayed Visa Processing,Resolved,,highly upset with slow visa advisory response
141,TMC-TKT-10040,6,Flight Delay Protocol Failure,Open-Breached,,CBT system completely crashed during execution
142,TMC-TKT-10041,3,Overbilling Request Dispute,Open-Breached,5.0,Satisfied with response turnaround timeline parameters
143,TMC-TKT-10042,2,Flight Delay Protocol Failure,Open-Breached,5.0,OVERCHARGED MY CREDIT CARD FOR FLIGHT TICKET FEES!!!
144,TMC-TKT-10043,8,Overbilling Request Dispute,Escalated,2.0,CBT system completely crashed during execution
145,TMC-TKT-10044,1,Overbilling Request Dispute,Escalated,1.0,highly upset with slow visa advisory response
146,TMC-TKT-10045,8,Overbilling Request Dispute,Resolved,5.0,Good service overall but agent was slow
147,TMC-TKT-10046,4,Overbilling Request Dispute,Resolved,2.0,highly upset with slow visa advisory response
148,TMC-TKT-10047,1,Flight Delay Protocol Failure,Resolved,,highly upset with slow visa advisory response
149,TMC-TKT-10048,4,Flight Delay Protocol Failure,Escalated,1.0,CBT system completely crashed during execution
150,TMC-TKT-10049,4,Overbilling Request Dispute,Resolved,2.0,Protocol team missed me at airport gate
