ancillary_key,service_id,booking_key,service_type,quoted_price_usd,billed_status,service_date
1,ANC-SRV-88000,224,Car Hire Private,515.22,Unbilled-Leakage,2026-03-20T10:38:00
2,ANC-SRV-88001,207,Airport Protocol,568.01,Unbilled-Leakage,2026-01-16T15:56:00
3,ANC-SRV-88002,433,Car Hire Private,571.84,Pending,2026-03-23T10:59:00
4,ANC-SRV-88003,373,Visa Advisory,241.31,Billed,2026-05-22T13:19:00
5,ANC-SRV-88004,400,Airport Protocol,138.31,Billed,2026-08-12T07:53:00
6,ANC-SRV-88005,416,Airport Protocol,325.35,Billed,2026-06-02T19:37:00
7,ANC-SRV-88006,403,Airport Protocol,450.7,Billed,2026-04-04T21:57:00
8,ANC-SRV-88007,36,Car Hire Private,183.0,Billed,2026-06-21T09:29:00
9,ANC-SRV-88008,277,Car Hire Private,363.63,Billed,2026-04-16T06:51:00
10,ANC-SRV-88009,116,Car Hire Private,104.51,Billed,21-05-2026 04:40
11,ANC-SRV-88010,2,Car Hire Private,367.97,Pending,2026-02-02T18:06:00
12,ANC-SRV-88011,197,Visa Advisory,57.69,Pending,2026-05-22T20:20:00
13,ANC-SRV-88012,489,Car Hire Private,169.35,Billed,2026-03-04T04:54:00
14,ANC-SRV-88013,353,Visa Advisory,155.35,Unbilled-Leakage,07-02-2026 10:10
15,ANC-SRV-88014,419,Car Hire Private,205.02,Pending,24-03-2026 09:43
16,ANC-SRV-88015,400,Airport Protocol,545.91,Pending,2026/05/31 04:11:00
17,ANC-SRV-88016,247,Car Hire Private,345.42,Billed,2026-03-12T00:35:00
18,ANC-SRV-88017,63,Visa Advisory,585.47,Pending,2026-06-14T16:56:00
19,ANC-SRV-88018,291,Car Hire Private,104.28,Billed,20-08-2026 09:29
20,ANC-SRV-88019,275,Car Hire Private,167.71,Pending,2026-03-05T16:09:00
21,ANC-SRV-88020,479,Airport Protocol,327.31,Pending,2026-02-26T16:55:00
22,ANC-SRV-88021,184,Visa Advisory,439.27,Unbilled-Leakage,25-07-2026 01:25
23,ANC-SRV-88022,171,Visa Advisory,251.55,Unbilled-Leakage,2026/09/15 18:19:00
24,ANC-SRV-88023,350,Airport Protocol,374.16,Pending,07-02-2026 10:10
25,ANC-SRV-88024,156,Airport Protocol,291.82,Pending,2026-01-01T02:50:00
26,ANC-SRV-88025,206,Airport Protocol,576.76,Pending,2026-09-12T11:33:00
27,ANC-SRV-88026,29,Car Hire Private,149.47,Billed,2026-01-28T05:50:00
28,ANC-SRV-88027,324,Visa Advisory,245.15,Unbilled-Leakage,2026/07/14 12:35:00
29,ANC-SRV-88028,491,Airport Protocol,258.79,Billed,2026-04-23T09:02:00
30,ANC-SRV-88029,332,Airport Protocol,167.85,Billed,2026-06-02T19:37:00
31,ANC-SRV-88030,47,Visa Advisory,175.15,Pending,30-05-2026 17:33
32,ANC-SRV-88031,188,Car Hire Private,112.07,Billed,2026/07/15 11:11:00
33,ANC-SRV-88032,274,Car Hire Private,591.54,Billed,2026/06/13 23:58:00
34,ANC-SRV-88033,437,Car Hire Private,117.99,Pending,2026-06-27T20:53:00
35,ANC-SRV-88034,492,Visa Advisory,110.67,Billed,2026/01/10 03:25:00
36,ANC-SRV-88035,175,Car Hire Private,124.75,Billed,2026-05-19T01:59:00
37,ANC-SRV-88036,42,Car Hire Private,469.25,Unbilled-Leakage,14-06-2026 08:46
38,ANC-SRV-88037,431,Visa Advisory,437.6,Unbilled-Leakage,2026-04-20T07:41:00
39,ANC-SRV-88038,236,Visa Advisory,356.42,Pending,2026/02/10 16:47:00
40,ANC-SRV-88039,390,Airport Protocol,72.33,Unbilled-Leakage,2026-06-03T22:35:00
41,ANC-SRV-88040,393,Visa Advisory,230.46,Unbilled-Leakage,2026-07-14T10:28:00
42,ANC-SRV-88041,149,Car Hire Private,113.65,Unbilled-Leakage,2026-08-14T12:21:00
43,ANC-SRV-88042,332,Visa Advisory,205.99,Billed,2026-01-21T17:31:00
44,ANC-SRV-88043,104,Car Hire Private,380.21,Unbilled-Leakage,19-03-2026 00:13
45,ANC-SRV-88044,91,Airport Protocol,221.6,Billed,2026-08-10T18:30:00
46,ANC-SRV-88045,284,Car Hire Private,586.9,Unbilled-Leakage,2026-08-22T16:23:00
47,ANC-SRV-88046,21,Car Hire Private,294.18,Unbilled-Leakage,23-04-2026 00:57
48,ANC-SRV-88047,496,Car Hire Private,354.65,Billed,2026-03-16T01:42:00
49,ANC-SRV-88048,197,Visa Advisory,209.82,Pending,2026-01-26T21:57:00
50,ANC-SRV-88049,339,Car Hire Private,520.45,Billed,2026/06/13 23:58:00
51,ANC-SRV-88050,98,Visa Advisory,153.83,Billed,2026-05-03T09:07:00
52,ANC-SRV-88051,154,Airport Protocol,88.29,Pending,2026-02-17T12:32:00
53,ANC-SRV-88052,357,Airport Protocol,512.58,Unbilled-Leakage,2026-07-20T18:02:00
54,ANC-SRV-88053,200,Airport Protocol,311.62,Billed,2026/01/24 13:22:00
55,ANC-SRV-88054,459,Car Hire Private,423.52,Pending,2026-03-26T15:08:00
56,ANC-SRV-88055,55,Car Hire Private,148.61,Billed,2026-07-25T02:56:00
57,ANC-SRV-88056,323,Airport Protocol,599.3,Pending,10-09-2026 17:19
58,ANC-SRV-88057,353,Airport Protocol,320.41,Unbilled-Leakage,2026-01-30T00:28:00
59,ANC-SRV-88058,184,Visa Advisory,107.84,Unbilled-Leakage,2026-03-30T05:15:00
60,ANC-SRV-88059,250,Visa Advisory,290.93,Billed,2026-01-06T08:13:00
61,ANC-SRV-88060,44,Airport Protocol,412.2,Pending,2026-06-14T07:48:00
62,ANC-SRV-88061,454,Airport Protocol,96.75,Pending,2026-08-11T06:52:00
63,ANC-SRV-88062,324,Airport Protocol,128.85,Unbilled-Leakage,2026-07-14T10:28:00
64,ANC-SRV-88063,225,Airport Protocol,270.34,Billed,2026-03-26T15:08:00
65,ANC-SRV-88064,377,Car Hire Private,374.81,Pending,2026-01-20T12:56:00
66,ANC-SRV-88065,98,Car Hire Private,105.95,Billed,2026-07-31T01:55:00
67,ANC-SRV-88066,72,Visa Advisory,558.91,Billed,2026-02-15T22:42:00
68,ANC-SRV-88067,19,Airport Protocol,587.82,Billed,2026-07-18T13:38:00
69,ANC-SRV-88068,99,Car Hire Private,85.59,Pending,2026-07-10T08:37:00
70,ANC-SRV-88069,13,Car Hire Private,586.36,Unbilled-Leakage,2026/04/16 22:37:00
71,ANC-SRV-88070,369,Car Hire Private,236.25,Unbilled-Leakage,2026-08-31T22:42:00
72,ANC-SRV-88071,304,Car Hire Private,377.23,Pending,2026-04-28T06:57:00
73,ANC-SRV-88072,123,Airport Protocol,594.86,Pending,2026-03-23T10:59:00
74,ANC-SRV-88073,251,Airport Protocol,117.52,Unbilled-Leakage,2026-03-04T04:54:00
75,ANC-SRV-88074,200,Car Hire Private,510.96,Pending,2026-08-03T07:20:00
76,ANC-SRV-88075,33,Airport Protocol,448.86,Unbilled-Leakage,2026-05-05T18:33:00
77,ANC-SRV-88076,406,Car Hire Private,203.19,Unbilled-Leakage,2026-08-10T12:01:00
78,ANC-SRV-88077,277,Car Hire Private,442.42,Billed,2026-07-11T01:32:00
79,ANC-SRV-88078,330,Visa Advisory,370.06,Pending,2026-02-20T07:08:00
80,ANC-SRV-88079,158,Visa Advisory,200.14,Billed,2026/05/13 23:53:00
81,ANC-SRV-88080,256,Airport Protocol,484.22,Unbilled-Leakage,2026-07-06T01:52:00
82,ANC-SRV-88081,274,Visa Advisory,404.11,Unbilled-Leakage,2026-02-01T22:08:00
83,ANC-SRV-88082,495,Visa Advisory,270.13,Pending,2026-09-12T11:33:00
84,ANC-SRV-88083,428,Airport Protocol,311.7,Pending,2026-05-19T02:36:00
85,ANC-SRV-88084,416,Visa Advisory,381.74,Unbilled-Leakage,2026-07-30T00:01:00
86,ANC-SRV-88085,231,Airport Protocol,272.44,Unbilled-Leakage,2026-07-13T12:05:00
87,ANC-SRV-88086,495,Visa Advisory,316.49,Unbilled-Leakage,2026-08-29T09:34:00
88,ANC-SRV-88087,9,Visa Advisory,203.39,Billed,2026-04-15T04:34:00
89,ANC-SRV-88088,19,Visa Advisory,472.4,Billed,2026/05/06 04:00:00
90,ANC-SRV-88089,174,Airport Protocol,109.42,Billed,2026-06-19T12:48:00
91,ANC-SRV-88090,29,Visa Advisory,187.88,Unbilled-Leakage,2026-09-12T11:33:00
92,ANC-SRV-88091,173,Car Hire Private,323.5,Pending,2026-05-07T23:40:00
93,ANC-SRV-88092,404,Visa Advisory,395.6,Pending,2026-05-25T09:43:00
94,ANC-SRV-88093,370,Airport Protocol,124.03,Billed,2026-03-22T23:27:00
95,ANC-SRV-88094,22,Visa Advisory,104.78,Unbilled-Leakage,2026-03-31T13:56:00
96,ANC-SRV-88095,208,Visa Advisory,79.07,Billed,2026-01-16T04:54:00
97,ANC-SRV-88096,61,Car Hire Private,87.53,Unbilled-Leakage,2026-08-16T02:36:00
98,ANC-SRV-88097,109,Car Hire Private,422.96,Unbilled-Leakage,2026-02-24T08:39:00
99,ANC-SRV-88098,414,Visa Advisory,584.64,Pending,2026-06-14T16:12:00
100,ANC-SRV-88099,335,Airport Protocol,260.45,Billed,2026-05-19T02:36:00
101,ANC-SRV-88100,342,Airport Protocol,423.56,Pending,2026/06/19 03:02:00
102,ANC-SRV-88101,268,Car Hire Private,134.01,Pending,2026-05-03T17:20:00
103,ANC-SRV-88102,235,Car Hire Private,392.08,Billed,2026-07-12T05:48:00
104,ANC-SRV-88103,482,Visa Advisory,102.98,Billed,2026-02-08T23:46:00
105,ANC-SRV-88104,348,Airport Protocol,92.08,Pending,2026-04-25T23:55:00
106,ANC-SRV-88105,446,Airport Protocol,463.39,Billed,2026-05-19T01:59:00
107,ANC-SRV-88106,448,Airport Protocol,472.16,Billed,2026-07-11T01:32:00
108,ANC-SRV-88107,275,Airport Protocol,486.0,Billed,2026-02-27T18:07:00
109,ANC-SRV-88108,77,Car Hire Private,161.06,Billed,2026-01-31T12:32:00
110,ANC-SRV-88109,380,Car Hire Private,414.15,Pending,2026-06-22T16:53:00
111,ANC-SRV-88110,297,Visa Advisory,319.64,Pending,2026-01-17T14:03:00
112,ANC-SRV-88111,120,Airport Protocol,193.92,Pending,2026-04-26T11:33:00
113,ANC-SRV-88112,474,Visa Advisory,238.99,Unbilled-Leakage,2026-01-05T04:42:00
114,ANC-SRV-88113,37,Visa Advisory,522.82,Unbilled-Leakage,2026-04-24T16:47:00
115,ANC-SRV-88114,19,Visa Advisory,350.64,Billed,2026-05-03T17:20:00
116,ANC-SRV-88115,377,Visa Advisory,573.92,Billed,2026-04-14T04:21:00
117,ANC-SRV-88116,73,Car Hire Private,67.38,Pending,2026/08/01 13:44:00
118,ANC-SRV-88117,251,Car Hire Private,286.72,Pending,2026/04/03 21:49:00
119,ANC-SRV-88118,335,Airport Protocol,553.22,Pending,2026-04-15T13:32:00
120,ANC-SRV-88119,10,Airport Protocol,261.0,Unbilled-Leakage,2026/03/08 19:56:00
121,ANC-SRV-88120,242,Car Hire Private,223.01,Pending,2026-05-25T09:43:00
122,ANC-SRV-88121,465,Airport Protocol,256.99,Unbilled-Leakage,2026-01-06T08:13:00
123,ANC-SRV-88122,471,Car Hire Private,302.81,Unbilled-Leakage,2026-08-08T08:35:00
124,ANC-SRV-88123,317,Car Hire Private,68.07,Billed,2026-04-15T13:32:00
125,ANC-SRV-88124,24,Airport Protocol,356.17,Pending,2026-07-08T14:31:00
126,ANC-SRV-88125,125,Airport Protocol,523.2,Unbilled-Leakage,2026-01-05T22:10:00
127,ANC-SRV-88126,360,Car Hire Private,216.67,Billed,2026-06-10T13:07:00
128,ANC-SRV-88127,333,Car Hire Private,438.33,Pending,2026-08-31T18:35:00
129,ANC-SRV-88128,67,Car Hire Private,320.31,Unbilled-Leakage,2026-04-08T09:22:00
130,ANC-SRV-88129,8,Car Hire Private,123.97,Billed,2026-09-11T08:20:00
131,ANC-SRV-88130,89,Car Hire Private,443.65,Pending,2026-05-22T13:19:00
132,ANC-SRV-88131,324,Airport Protocol,318.1,Pending,2026-02-01T17:37:00
133,ANC-SRV-88132,26,Airport Protocol,110.16,Pending,2026-09-08T11:48:00
134,ANC-SRV-88133,464,Airport Protocol,421.26,Pending,2026-07-29T16:01:00
135,ANC-SRV-88134,158,Car Hire Private,413.04,Pending,2026-01-26T21:19:00
136,ANC-SRV-88135,421,Visa Advisory,426.96,Unbilled-Leakage,2026-02-08T18:36:00
137,ANC-SRV-88136,407,Airport Protocol,364.72,Unbilled-Leakage,25-07-2026 01:25
138,ANC-SRV-88137,50,Visa Advisory,311.75,Pending,2026-02-25T13:02:00
139,ANC-SRV-88138,234,Airport Protocol,519.89,Billed,2026-02-08T05:11:00
140,ANC-SRV-88139,313,Visa Advisory,328.68,Pending,2026-04-14T04:21:00
141,ANC-SRV-88140,88,Airport Protocol,265.26,Pending,2026-08-09T20:10:00
142,ANC-SRV-88141,428,Airport Protocol,322.08,Unbilled-Leakage,2026-01-07T07:02:00
143,ANC-SRV-88142,303,Airport Protocol,583.98,Billed,2026-06-25T05:07:00
144,ANC-SRV-88143,33,Visa Advisory,389.32,Pending,2026/08/10 23:25:00
145,ANC-SRV-88144,419,Visa Advisory,244.02,Unbilled-Leakage,2026-06-04T04:42:00
146,ANC-SRV-88145,419,Airport Protocol,587.78,Pending,2026-09-09T18:50:00
147,ANC-SRV-88146,55,Airport Protocol,226.27,Billed,2026-06-19T18:54:00
148,ANC-SRV-88147,59,Airport Protocol,65.48,Billed,2026-07-30T00:01:00
149,ANC-SRV-88148,255,Visa Advisory,74.82,Unbilled-Leakage,2026-02-21T10:13:00
150,ANC-SRV-88149,305,Car Hire Private,510.31,Pending,2026-06-25T13:36:00
151,ANC-SRV-88150,410,Visa Advisory,241.88,Pending,2026-01-25T22:07:00
152,ANC-SRV-88151,316,Car Hire Private,458.13,Unbilled-Leakage,2026/09/01 08:57:00
153,ANC-SRV-88152,113,Car Hire Private,64.79,Billed,2026-06-10T13:07:00
154,ANC-SRV-88153,33,Airport Protocol,540.24,Unbilled-Leakage,2026-02-14T09:52:00
155,ANC-SRV-88154,412,Visa Advisory,237.69,Unbilled-Leakage,22-07-2026 11:49
156,ANC-SRV-88155,104,Visa Advisory,103.54,Unbilled-Leakage,25-07-2026 01:25
157,ANC-SRV-88156,219,Car Hire Private,239.83,Billed,2026-02-13T03:53:00
158,ANC-SRV-88157,173,Car Hire Private,246.55,Pending,2026-09-12T11:33:00
159,ANC-SRV-88158,416,Car Hire Private,243.2,Unbilled-Leakage,2026-08-31T18:35:00
160,ANC-SRV-88159,428,Visa Advisory,413.68,Unbilled-Leakage,2026-04-15T10:41:00
161,ANC-SRV-88160,378,Visa Advisory,186.19,Unbilled-Leakage,2026-01-24T01:08:00
162,ANC-SRV-88161,348,Visa Advisory,406.45,Unbilled-Leakage,2026-06-07T14:23:00
163,ANC-SRV-88162,206,Visa Advisory,375.89,Billed,2026-01-29T09:42:00
164,ANC-SRV-88163,167,Visa Advisory,550.71,Pending,27-07-2026 14:35
165,ANC-SRV-88164,62,Airport Protocol,86.03,Pending,2026/08/17 16:45:00
166,ANC-SRV-88165,500,Car Hire Private,217.7,Pending,2026-05-25T03:50:00
167,ANC-SRV-88166,351,Visa Advisory,235.68,Billed,28-01-2026 20:37
168,ANC-SRV-88167,295,Airport Protocol,60.84,Pending,2026-05-10T21:09:00
169,ANC-SRV-88168,280,Airport Protocol,229.36,Pending,2026-09-11T08:20:00
170,ANC-SRV-88169,71,Airport Protocol,303.5,Billed,2026-07-17T16:28:00
171,ANC-SRV-88170,165,Visa Advisory,524.85,Billed,2026-01-26T21:57:00
172,ANC-SRV-88171,429,Visa Advisory,362.43,Unbilled-Leakage,2026-08-31T01:11:00
173,ANC-SRV-88172,494,Car Hire Private,545.78,Pending,2026/07/07 17:52:00
174,ANC-SRV-88173,407,Car Hire Private,196.64,Billed,2026/05/01 00:00:00
175,ANC-SRV-88174,110,Visa Advisory,432.78,Unbilled-Leakage,19-08-2026 19:03
176,ANC-SRV-88175,392,Car Hire Private,373.39,Pending,2026/05/17 14:15:00
177,ANC-SRV-88176,24,Airport Protocol,592.17,Pending,2026-08-29T09:34:00
178,ANC-SRV-88177,304,Airport Protocol,257.76,Unbilled-Leakage,21-05-2026 04:40
179,ANC-SRV-88178,89,Visa Advisory,264.67,Billed,2026/07/07 17:52:00
180,ANC-SRV-88179,172,Airport Protocol,364.9,Unbilled-Leakage,2026-03-26T15:08:00
181,ANC-SRV-88180,33,Airport Protocol,494.58,Billed,2026-06-25T17:22:00
182,ANC-SRV-88181,62,Car Hire Private,105.03,Billed,2026-07-16T02:46:00
183,ANC-SRV-88182,141,Visa Advisory,421.31,Unbilled-Leakage,2026-07-13T12:05:00
184,ANC-SRV-88183,73,Car Hire Private,234.78,Billed,2026-02-17T12:32:00
185,ANC-SRV-88184,388,Airport Protocol,326.52,Unbilled-Leakage,2026-06-13T23:55:00
186,ANC-SRV-88185,213,Visa Advisory,470.7,Pending,2026/06/19 13:06:00
187,ANC-SRV-88186,87,Visa Advisory,236.75,Pending,2026-08-31T03:19:00
188,ANC-SRV-88187,357,Airport Protocol,388.16,Billed,2026/05/15 22:36:00
189,ANC-SRV-88188,190,Airport Protocol,249.83,Pending,2026-05-03T09:07:00
190,ANC-SRV-88189,284,Visa Advisory,289.8,Unbilled-Leakage,13-02-2026 18:37
191,ANC-SRV-88190,85,Airport Protocol,323.32,Unbilled-Leakage,2026/03/14 22:17:00
192,ANC-SRV-88191,225,Airport Protocol,516.03,Unbilled-Leakage,2026/01/07 22:08:00
193,ANC-SRV-88192,125,Visa Advisory,482.93,Pending,28-01-2026 20:37
194,ANC-SRV-88193,474,Visa Advisory,512.21,Pending,2026-06-16T06:29:00
195,ANC-SRV-88194,298,Car Hire Private,344.71,Pending,2026-09-13T14:20:00
196,ANC-SRV-88195,21,Car Hire Private,208.05,Unbilled-Leakage,2026-07-09T10:26:00
197,ANC-SRV-88196,69,Car Hire Private,76.14,Billed,2026/02/22 04:07:00
198,ANC-SRV-88197,52,Airport Protocol,597.93,Unbilled-Leakage,2026-03-09T12:55:00
199,ANC-SRV-88198,406,Car Hire Private,271.12,Billed,2026-03-22T23:27:00
200,ANC-SRV-88199,434,Car Hire Private,174.24,Billed,2026-02-27T18:07:00
201,ANC-SRV-88200,324,Airport Protocol,458.59,Unbilled-Leakage,2026-05-22T20:08:00
202,ANC-SRV-88201,314,Airport Protocol,100.58,Unbilled-Leakage,2026-07-18T16:26:00
203,ANC-SRV-88202,193,Airport Protocol,514.3,Pending,2026-05-28T22:42:00
204,ANC-SRV-88203,399,Car Hire Private,102.1,Billed,2026-06-12T16:14:00
205,ANC-SRV-88204,81,Car Hire Private,235.26,Billed,2026-05-08T17:38:00
206,ANC-SRV-88205,9,Visa Advisory,87.0,Pending,2026-01-17T14:03:00
207,ANC-SRV-88206,451,Car Hire Private,490.65,Billed,2026-01-28T05:50:00
208,ANC-SRV-88207,250,Car Hire Private,311.4,Billed,2026/09/08 05:05:00
209,ANC-SRV-88208,42,Airport Protocol,165.36,Pending,2026-05-25T03:50:00
210,ANC-SRV-88209,4,Airport Protocol,487.61,Unbilled-Leakage,2026-01-20T00:19:00
211,ANC-SRV-88210,4,Car Hire Private,408.35,Pending,2026-04-20T06:52:00
212,ANC-SRV-88211,92,Visa Advisory,216.02,Pending,2026-01-31T12:32:00
213,ANC-SRV-88212,475,Car Hire Private,492.27,Unbilled-Leakage,2026-09-02T16:24:00
214,ANC-SRV-88213,46,Airport Protocol,288.1,Unbilled-Leakage,2026-02-21T04:48:00
215,ANC-SRV-88214,362,Visa Advisory,346.97,Pending,2026-08-31T01:11:00
216,ANC-SRV-88215,334,Visa Advisory,160.04,Unbilled-Leakage,2026-01-25T01:06:00
217,ANC-SRV-88216,304,Car Hire Private,271.27,Pending,2026-06-25T17:22:00
218,ANC-SRV-88217,455,Car Hire Private,393.73,Unbilled-Leakage,2026-08-06T03:13:00
219,ANC-SRV-88218,146,Visa Advisory,299.28,Pending,2026-08-23T00:50:00
220,ANC-SRV-88219,214,Airport Protocol,469.89,Pending,2026-02-03T09:44:00
221,ANC-SRV-88220,356,Visa Advisory,149.33,Billed,2026-07-17T04:53:00
222,ANC-SRV-88221,414,Airport Protocol,60.23,Billed,2026-08-22T16:23:00
223,ANC-SRV-88222,406,Car Hire Private,436.83,Billed,2026-04-27T23:03:00
224,ANC-SRV-88223,396,Visa Advisory,524.49,Billed,2026-03-17T03:48:00
225,ANC-SRV-88224,244,Airport Protocol,367.26,Unbilled-Leakage,2026-08-04T11:57:00
226,ANC-SRV-88225,355,Airport Protocol,167.12,Unbilled-Leakage,2026-03-08T18:54:00
227,ANC-SRV-88226,65,Visa Advisory,579.16,Pending,2026/08/05 22:08:00
228,ANC-SRV-88227,106,Airport Protocol,458.21,Unbilled-Leakage,2026-07-18T17:07:00
229,ANC-SRV-88228,74,Visa Advisory,307.01,Billed,2026-01-05T15:58:00
230,ANC-SRV-88229,328,Car Hire Private,565.44,Pending,29-04-2026 17:47
231,ANC-SRV-88230,139,Car Hire Private,343.0,Unbilled-Leakage,2026-03-20T10:38:00
232,ANC-SRV-88231,268,Visa Advisory,387.93,Billed,2026/03/14 22:17:00
233,ANC-SRV-88232,231,Car Hire Private,473.02,Billed,2026/06/19 13:06:00
234,ANC-SRV-88233,211,Car Hire Private,288.55,Pending,2026-03-16T01:42:00
235,ANC-SRV-88234,123,Visa Advisory,361.36,Billed,2026-04-20T21:21:00
236,ANC-SRV-88235,481,Airport Protocol,394.72,Billed,2026-04-27T23:03:00
237,ANC-SRV-88236,90,Visa Advisory,337.25,Billed,2026-07-16T04:26:00
238,ANC-SRV-88237,313,Visa Advisory,250.35,Unbilled-Leakage,2026-08-13T05:39:00
239,ANC-SRV-88238,355,Visa Advisory,131.26,Pending,2026-03-30T17:10:00
240,ANC-SRV-88239,20,Car Hire Private,132.76,Pending,2026-06-22T16:53:00
241,ANC-SRV-88240,306,Airport Protocol,426.92,Unbilled-Leakage,2026-07-14T04:52:00
242,ANC-SRV-88241,93,Car Hire Private,215.15,Pending,2026/06/19 13:06:00
243,ANC-SRV-88242,368,Car Hire Private,289.46,Unbilled-Leakage,2026-03-11T18:06:00
244,ANC-SRV-88243,256,Visa Advisory,225.26,Unbilled-Leakage,2026-05-10T11:17:00
245,ANC-SRV-88244,314,Car Hire Private,506.62,Unbilled-Leakage,2026-06-27T22:04:00
246,ANC-SRV-88245,487,Airport Protocol,85.44,Unbilled-Leakage,2026-03-27T11:08:00
247,ANC-SRV-88246,46,Visa Advisory,161.96,Pending,2026-09-01T15:41:00
248,ANC-SRV-88247,322,Airport Protocol,276.84,Pending,2026-04-27T23:03:00
249,ANC-SRV-88248,424,Airport Protocol,503.04,Unbilled-Leakage,2026-04-24T16:47:00
250,ANC-SRV-88249,401,Car Hire Private,405.32,Unbilled-Leakage,2026-01-17T05:59:00
251,ANC-SRV-88250,155,Car Hire Private,191.05,Pending,2026-04-24T14:23:00
252,ANC-SRV-88251,179,Car Hire Private,380.68,Unbilled-Leakage,2026-05-19T01:59:00
253,ANC-SRV-88252,215,Visa Advisory,273.23,Unbilled-Leakage,11-02-2026 20:54
254,ANC-SRV-88253,3,Car Hire Private,112.46,Unbilled-Leakage,2026-02-21T04:48:00
255,ANC-SRV-88254,286,Airport Protocol,155.55,Unbilled-Leakage,2026-08-16T02:36:00
256,ANC-SRV-88255,121,Airport Protocol,185.07,Pending,2026-08-11T20:27:00
257,ANC-SRV-88256,99,Visa Advisory,504.98,Pending,2026-04-20T06:52:00
258,ANC-SRV-88257,61,Car Hire Private,305.29,Billed,2026-02-10T11:59:00
259,ANC-SRV-88258,272,Airport Protocol,357.9,Billed,2026-06-25T13:36:00
260,ANC-SRV-88259,49,Airport Protocol,289.87,Billed,13-02-2026 18:37
261,ANC-SRV-88260,317,Airport Protocol,405.81,Billed,2026-08-23T18:47:00
262,ANC-SRV-88261,186,Airport Protocol,70.35,Billed,2026/03/08 19:56:00
263,ANC-SRV-88262,442,Visa Advisory,137.65,Billed,2026-04-11T23:12:00
264,ANC-SRV-88263,390,Airport Protocol,125.04,Billed,2026-02-25T13:02:00
265,ANC-SRV-88264,277,Airport Protocol,192.12,Unbilled-Leakage,2026-01-17T05:59:00
266,ANC-SRV-88265,260,Airport Protocol,491.95,Billed,2026-02-24T08:39:00
267,ANC-SRV-88266,113,Airport Protocol,412.27,Billed,2026-07-30T00:01:00
268,ANC-SRV-88267,238,Airport Protocol,146.79,Billed,2026-03-10T20:55:00
269,ANC-SRV-88268,395,Car Hire Private,518.89,Pending,2026-03-23T12:43:00
270,ANC-SRV-88269,321,Visa Advisory,580.08,Unbilled-Leakage,2026-01-05T09:26:00
271,ANC-SRV-88270,338,Visa Advisory,317.21,Billed,2026/05/13 23:53:00
272,ANC-SRV-88271,107,Car Hire Private,60.95,Unbilled-Leakage,2026-05-08T17:38:00
273,ANC-SRV-88272,142,Airport Protocol,522.77,Billed,2026/07/23 17:30:00
274,ANC-SRV-88273,28,Car Hire Private,96.16,Pending,2026-02-26T06:01:00
275,ANC-SRV-88274,100,Airport Protocol,380.88,Unbilled-Leakage,2026-05-30T18:50:00
276,ANC-SRV-88275,58,Airport Protocol,526.94,Unbilled-Leakage,2026-06-10T05:25:00
277,ANC-SRV-88276,408,Airport Protocol,545.32,Billed,2026-05-16T20:13:00
278,ANC-SRV-88277,77,Visa Advisory,273.85,Billed,2026-05-01T02:29:00
279,ANC-SRV-88278,351,Car Hire Private,249.89,Pending,2026-09-18T07:07:00
280,ANC-SRV-88279,433,Airport Protocol,411.59,Pending,2026/09/08 05:05:00
281,ANC-SRV-88280,496,Car Hire Private,99.67,Billed,2026-03-26T14:22:00
282,ANC-SRV-88281,467,Airport Protocol,568.74,Pending,2026-06-10T13:07:00
283,ANC-SRV-88282,243,Visa Advisory,448.33,Pending,2026-05-04T18:53:00
284,ANC-SRV-88283,255,Car Hire Private,127.31,Billed,2026-02-08T18:36:00
285,ANC-SRV-88284,91,Car Hire Private,111.56,Billed,2026-02-02T17:25:00
286,ANC-SRV-88285,82,Visa Advisory,453.96,Billed,2026-08-10T18:30:00
287,ANC-SRV-88286,344,Visa Advisory,563.11,Billed,2026-05-18T09:17:00
288,ANC-SRV-88287,473,Visa Advisory,337.08,Unbilled-Leakage,2026-07-31T01:55:00
289,ANC-SRV-88288,23,Airport Protocol,505.94,Unbilled-Leakage,2026-02-13T03:53:00
290,ANC-SRV-88289,28,Airport Protocol,572.32,Pending,2026-07-16T02:46:00
291,ANC-SRV-88290,331,Car Hire Private,562.36,Pending,2026/08/22 09:16:00
292,ANC-SRV-88291,187,Airport Protocol,188.49,Pending,2026-02-20T07:08:00
293,ANC-SRV-88292,146,Visa Advisory,536.51,Billed,2026-02-08T23:46:00
294,ANC-SRV-88293,108,Car Hire Private,180.94,Pending,2026-07-03T15:34:00
295,ANC-SRV-88294,223,Airport Protocol,117.25,Unbilled-Leakage,2026-05-16T19:30:00
296,ANC-SRV-88295,129,Visa Advisory,493.68,Billed,26-07-2026 21:20
297,ANC-SRV-88296,172,Visa Advisory,231.11,Billed,2026-05-21T09:07:00
298,ANC-SRV-88297,316,Airport Protocol,371.38,Pending,2026-01-31T12:32:00
299,ANC-SRV-88298,413,Car Hire Private,264.47,Unbilled-Leakage,2026-03-22T23:27:00
300,ANC-SRV-88299,456,Airport Protocol,461.61,Pending,2026/03/05 05:28:00
301,ANC-SRV-88300,389,Airport Protocol,179.77,Billed,2026-06-02T06:09:00
302,ANC-SRV-88301,233,Visa Advisory,282.58,Pending,2026-02-17T23:29:00
303,ANC-SRV-88302,23,Car Hire Private,129.35,Billed,2026-02-21T10:13:00
304,ANC-SRV-88303,54,Airport Protocol,146.33,Billed,2026-07-08T14:31:00
305,ANC-SRV-88304,380,Car Hire Private,583.46,Unbilled-Leakage,2026-02-21T13:21:00
306,ANC-SRV-88305,27,Car Hire Private,291.71,Unbilled-Leakage,2026-09-11T05:04:00
307,ANC-SRV-88306,474,Visa Advisory,189.87,Pending,2026-09-17T12:08:00
308,ANC-SRV-88307,276,Visa Advisory,374.21,Pending,20-03-2026 23:24
309,ANC-SRV-88308,91,Visa Advisory,319.7,Pending,2026-01-12T02:25:00
310,ANC-SRV-88309,81,Airport Protocol,256.09,Unbilled-Leakage,2026/09/15 18:19:00
311,ANC-SRV-88310,403,Airport Protocol,571.79,Unbilled-Leakage,10-09-2026 17:19
312,ANC-SRV-88311,15,Car Hire Private,224.07,Unbilled-Leakage,2026-08-09T20:10:00
313,ANC-SRV-88312,249,Airport Protocol,283.08,Unbilled-Leakage,10-09-2026 17:19
314,ANC-SRV-88313,264,Visa Advisory,425.51,Unbilled-Leakage,2026-03-30T17:10:00
315,ANC-SRV-88314,60,Airport Protocol,579.82,Pending,2026-08-07T14:14:00
316,ANC-SRV-88315,37,Car Hire Private,533.69,Billed,2026-06-04T04:42:00
317,ANC-SRV-88316,459,Airport Protocol,565.33,Pending,2026-08-10T18:30:00
318,ANC-SRV-88317,121,Airport Protocol,249.65,Pending,2026-06-16T06:29:00
319,ANC-SRV-88318,370,Car Hire Private,443.62,Pending,2026-05-22T13:19:00
320,ANC-SRV-88319,228,Car Hire Private,501.75,Unbilled-Leakage,2026-05-19T02:36:00
321,ANC-SRV-88320,304,Airport Protocol,61.59,Unbilled-Leakage,2026-09-10T00:23:00
322,ANC-SRV-88321,297,Visa Advisory,581.74,Unbilled-Leakage,2026-01-21T21:56:00
323,ANC-SRV-88322,167,Visa Advisory,383.2,Unbilled-Leakage,2026/09/09 04:03:00
324,ANC-SRV-88323,215,Visa Advisory,512.81,Unbilled-Leakage,2026-02-24T08:39:00
325,ANC-SRV-88324,102,Visa Advisory,414.22,Pending,2026-06-14T07:48:00
326,ANC-SRV-88325,383,Airport Protocol,567.47,Billed,2026-05-04T11:31:00
327,ANC-SRV-88326,347,Airport Protocol,429.88,Unbilled-Leakage,2026-01-25T00:26:00
328,ANC-SRV-88327,460,Car Hire Private,483.84,Billed,2026-04-24T20:36:00
329,ANC-SRV-88328,167,Car Hire Private,181.82,Unbilled-Leakage,2026-01-12T02:25:00
330,ANC-SRV-88329,118,Airport Protocol,354.0,Billed,2026-09-11T05:04:00
331,ANC-SRV-88330,399,Visa Advisory,220.1,Pending,2026-06-21T09:29:00
332,ANC-SRV-88331,57,Car Hire Private,577.17,Unbilled-Leakage,2026-02-21T03:36:00
333,ANC-SRV-88332,167,Car Hire Private,249.57,Pending,2026-03-06T02:15:00
334,ANC-SRV-88333,117,Airport Protocol,496.74,Unbilled-Leakage,2026-03-11T18:06:00
335,ANC-SRV-88334,51,Airport Protocol,117.13,Billed,2026-06-15T01:01:00
336,ANC-SRV-88335,122,Visa Advisory,526.82,Pending,2026-06-14T16:12:00
337,ANC-SRV-88336,378,Airport Protocol,521.71,Unbilled-Leakage,2026-04-04T21:57:00
338,ANC-SRV-88337,212,Car Hire Private,263.66,Pending,2026-02-21T03:36:00
339,ANC-SRV-88338,446,Car Hire Private,550.38,Pending,2026-05-04T18:53:00
340,ANC-SRV-88339,103,Visa Advisory,266.14,Billed,2026-04-29T16:26:00
341,ANC-SRV-88340,193,Visa Advisory,587.9,Pending,2026-04-24T20:36:00
342,ANC-SRV-88341,457,Visa Advisory,190.54,Unbilled-Leakage,2026-04-15T13:32:00
343,ANC-SRV-88342,113,Airport Protocol,99.64,Unbilled-Leakage,2026-07-20T18:02:00
344,ANC-SRV-88343,38,Airport Protocol,502.49,Pending,2026/03/14 22:17:00
345,ANC-SRV-88344,242,Visa Advisory,179.5,Pending,2026-03-23T10:59:00
346,ANC-SRV-88345,300,Car Hire Private,165.71,Unbilled-Leakage,2026/08/17 16:45:00
347,ANC-SRV-88346,249,Car Hire Private,539.64,Pending,2026-06-27T14:15:00
348,ANC-SRV-88347,28,Airport Protocol,553.74,Billed,2026-03-30T05:15:00
349,ANC-SRV-88348,456,Car Hire Private,397.24,Billed,27-01-2026 05:14
350,ANC-SRV-88349,224,Airport Protocol,533.71,Pending,2026/06/05 22:44:00
351,ANC-SRV-88350,75,Car Hire Private,471.71,Unbilled-Leakage,2026-05-25T09:43:00
352,ANC-SRV-88351,111,Airport Protocol,273.46,Billed,2026-08-27T21:33:00
353,ANC-SRV-88352,476,Airport Protocol,68.63,Pending,2026-01-21T21:56:00
354,ANC-SRV-88353,313,Car Hire Private,526.54,Pending,2026-06-17T10:28:00
355,ANC-SRV-88354,233,Car Hire Private,502.76,Pending,2026-03-27T11:08:00
356,ANC-SRV-88355,92,Airport Protocol,567.27,Billed,2026-07-11T13:44:00
357,ANC-SRV-88356,199,Car Hire Private,309.1,Unbilled-Leakage,2026-05-21T13:57:00
358,ANC-SRV-88357,192,Visa Advisory,277.13,Billed,2026-07-16T02:46:00
359,ANC-SRV-88358,70,Airport Protocol,512.64,Unbilled-Leakage,2026/02/04 00:16:00
360,ANC-SRV-88359,235,Car Hire Private,444.56,Unbilled-Leakage,2026/09/13 00:33:00
361,ANC-SRV-88360,369,Car Hire Private,532.22,Pending,11-08-2026 08:40
362,ANC-SRV-88361,100,Car Hire Private,501.13,Unbilled-Leakage,2026-07-14T04:52:00
363,ANC-SRV-88362,324,Visa Advisory,503.42,Unbilled-Leakage,2026-02-07T01:18:00
364,ANC-SRV-88363,184,Airport Protocol,434.17,Unbilled-Leakage,2026-04-11T23:12:00
365,ANC-SRV-88364,500,Visa Advisory,328.48,Pending,2026/03/01 07:47:00
366,ANC-SRV-88365,139,Car Hire Private,243.52,Billed,2026-07-04T22:15:00
367,ANC-SRV-88366,104,Visa Advisory,381.16,Pending,11-07-2026 16:51
368,ANC-SRV-88367,172,Visa Advisory,497.39,Unbilled-Leakage,11-08-2026 08:40
369,ANC-SRV-88368,66,Airport Protocol,455.78,Unbilled-Leakage,2026-06-30T05:08:00
370,ANC-SRV-88369,17,Airport Protocol,299.29,Pending,2026-04-03T02:31:00
371,ANC-SRV-88370,355,Car Hire Private,65.04,Pending,2026/01/24 13:22:00
372,ANC-SRV-88371,292,Visa Advisory,78.65,Unbilled-Leakage,2026-07-31T13:35:00
373,ANC-SRV-88372,31,Airport Protocol,402.88,Unbilled-Leakage,2026/05/01 00:00:00
374,ANC-SRV-88373,144,Visa Advisory,396.59,Unbilled-Leakage,2026-08-03T03:26:00
375,ANC-SRV-88374,70,Visa Advisory,485.06,Pending,2026-08-07T23:07:00
376,ANC-SRV-88375,57,Airport Protocol,124.85,Pending,2026-03-26T15:08:00
377,ANC-SRV-88376,437,Airport Protocol,270.36,Billed,2026-06-17T04:05:00
378,ANC-SRV-88377,239,Airport Protocol,395.56,Unbilled-Leakage,2026-05-18T20:26:00
379,ANC-SRV-88378,235,Car Hire Private,222.55,Billed,2026-03-23T10:59:00
380,ANC-SRV-88379,215,Airport Protocol,95.23,Pending,2026-07-26T00:14:00
381,ANC-SRV-88380,88,Visa Advisory,136.8,Unbilled-Leakage,2026-01-07T07:02:00
382,ANC-SRV-88381,390,Airport Protocol,334.0,Unbilled-Leakage,2026-07-03T15:34:00
383,ANC-SRV-88382,176,Airport Protocol,583.32,Billed,2026-07-14T02:49:00
384,ANC-SRV-88383,113,Car Hire Private,506.84,Unbilled-Leakage,2026-06-02T19:37:00
385,ANC-SRV-88384,454,Car Hire Private,469.74,Pending,13-02-2026 18:37
386,ANC-SRV-88385,152,Visa Advisory,515.83,Billed,2026-09-10T00:23:00
387,ANC-SRV-88386,310,Car Hire Private,427.16,Billed,2026-01-14T21:56:00
388,ANC-SRV-88387,81,Visa Advisory,485.95,Billed,2026-07-17T04:53:00
389,ANC-SRV-88388,405,Car Hire Private,225.67,Billed,2026-08-15T07:58:00
390,ANC-SRV-88389,407,Visa Advisory,313.1,Unbilled-Leakage,2026-01-16T04:54:00
391,ANC-SRV-88390,327,Visa Advisory,454.34,Pending,2026-05-07T23:40:00
392,ANC-SRV-88391,488,Car Hire Private,193.37,Billed,2026-03-28T10:45:00
393,ANC-SRV-88392,314,Visa Advisory,428.11,Pending,2026-07-04T22:15:00
394,ANC-SRV-88393,464,Car Hire Private,504.72,Pending,2026-09-11T13:43:00
395,ANC-SRV-88394,88,Airport Protocol,489.74,Pending,2026-03-06T02:15:00
396,ANC-SRV-88395,296,Airport Protocol,159.27,Billed,2026-02-18T13:42:00
397,ANC-SRV-88396,497,Car Hire Private,277.97,Billed,2026-08-22T16:23:00
398,ANC-SRV-88397,284,Airport Protocol,150.04,Unbilled-Leakage,2026-07-23T10:01:00
399,ANC-SRV-88398,438,Airport Protocol,532.01,Billed,2026/08/20 10:04:00
400,ANC-SRV-88399,118,Car Hire Private,569.62,Billed,2026-09-03T07:44:00
401,ANC-SRV-88400,45,Car Hire Private,536.39,Pending,2026-06-30T01:03:00
402,ANC-SRV-88401,211,Car Hire Private,173.47,Pending,2026-08-02T18:19:00
403,ANC-SRV-88402,439,Airport Protocol,571.46,Pending,2026-07-17T16:28:00
404,ANC-SRV-88403,268,Visa Advisory,557.71,Unbilled-Leakage,27-01-2026 05:14
405,ANC-SRV-88404,251,Car Hire Private,405.91,Billed,2026-03-25T23:29:00
406,ANC-SRV-88405,442,Car Hire Private,394.65,Billed,2026-05-27T00:32:00
407,ANC-SRV-88406,111,Airport Protocol,548.76,Unbilled-Leakage,2026-04-20T06:52:00
408,ANC-SRV-88407,303,Visa Advisory,585.77,Billed,2026-03-23T12:43:00
409,ANC-SRV-88408,243,Visa Advisory,159.05,Billed,2026-01-08T06:59:00
410,ANC-SRV-88409,429,Visa Advisory,435.69,Pending,2026-09-01T21:22:00
411,ANC-SRV-88410,237,Car Hire Private,142.82,Pending,2026-01-12T02:25:00
412,ANC-SRV-88411,143,Airport Protocol,270.57,Billed,2026-09-01T15:41:00
413,ANC-SRV-88412,8,Airport Protocol,285.9,Unbilled-Leakage,2026-03-15T22:52:00
414,ANC-SRV-88413,374,Airport Protocol,193.09,Billed,2026-04-20T21:21:00
415,ANC-SRV-88414,220,Airport Protocol,98.98,Billed,2026-09-07T20:34:00
416,ANC-SRV-88415,377,Airport Protocol,252.36,Unbilled-Leakage,2026-05-16T02:41:00
417,ANC-SRV-88416,447,Visa Advisory,570.98,Billed,2026-03-25T23:29:00
418,ANC-SRV-88417,127,Visa Advisory,114.54,Pending,2026-04-26T11:33:00
419,ANC-SRV-88418,127,Visa Advisory,445.22,Pending,2026-03-23T03:15:00
420,ANC-SRV-88419,168,Visa Advisory,289.34,Pending,11-07-2026 16:51
421,ANC-SRV-88420,223,Car Hire Private,555.99,Pending,20-03-2026 23:24
422,ANC-SRV-88421,297,Visa Advisory,299.54,Billed,2026-07-04T22:15:00
423,ANC-SRV-88422,114,Visa Advisory,420.49,Unbilled-Leakage,2026-01-17T19:09:00
424,ANC-SRV-88423,457,Car Hire Private,115.18,Pending,25-07-2026 01:25
425,ANC-SRV-88424,475,Car Hire Private,442.46,Billed,2026-03-05T16:09:00
426,ANC-SRV-88425,303,Car Hire Private,154.8,Unbilled-Leakage,2026-01-05T22:10:00
427,ANC-SRV-88426,485,Car Hire Private,524.07,Unbilled-Leakage,2026-08-10T12:01:00
428,ANC-SRV-88427,77,Car Hire Private,480.17,Unbilled-Leakage,2026-07-17T16:28:00
429,ANC-SRV-88428,468,Car Hire Private,208.38,Unbilled-Leakage,2026-09-09T07:22:00
430,ANC-SRV-88429,294,Car Hire Private,321.79,Billed,2026-02-10T11:59:00
431,ANC-SRV-88430,460,Car Hire Private,121.61,Unbilled-Leakage,2026-03-11T06:52:00
432,ANC-SRV-88431,3,Visa Advisory,520.99,Billed,2026-02-25T13:02:00
433,ANC-SRV-88432,214,Airport Protocol,380.05,Pending,2026-02-07T02:17:00
434,ANC-SRV-88433,23,Airport Protocol,597.36,Pending,2026-05-03T17:20:00
435,ANC-SRV-88434,21,Visa Advisory,205.63,Billed,2026-09-14T04:22:00
436,ANC-SRV-88435,241,Visa Advisory,422.45,Billed,2026-05-11T00:21:00
437,ANC-SRV-88436,376,Visa Advisory,280.08,Unbilled-Leakage,2026-01-21T17:31:00
438,ANC-SRV-88437,394,Visa Advisory,274.69,Unbilled-Leakage,2026-08-10T18:30:00
439,ANC-SRV-88438,259,Airport Protocol,130.27,Billed,2026-07-14T04:52:00
440,ANC-SRV-88439,18,Airport Protocol,209.61,Unbilled-Leakage,2026/02/07 04:20:00
441,ANC-SRV-88440,218,Airport Protocol,193.99,Billed,2026-01-30T17:29:00
442,ANC-SRV-88441,272,Car Hire Private,389.72,Unbilled-Leakage,2026-07-15T16:20:00
443,ANC-SRV-88442,202,Airport Protocol,549.03,Billed,2026-04-22T14:19:00
444,ANC-SRV-88443,246,Visa Advisory,253.3,Billed,2026-08-07T05:22:00
445,ANC-SRV-88444,415,Airport Protocol,426.35,Unbilled-Leakage,2026-04-24T04:12:00
446,ANC-SRV-88445,409,Car Hire Private,301.99,Billed,2026-08-07T17:31:00
447,ANC-SRV-88446,357,Car Hire Private,55.68,Billed,2026-04-07T23:25:00
448,ANC-SRV-88447,421,Airport Protocol,123.26,Pending,2026/03/20 08:05:00
449,ANC-SRV-88448,51,Visa Advisory,227.79,Billed,2026-04-22T14:19:00
450,ANC-SRV-88449,232,Car Hire Private,431.16,Unbilled-Leakage,2026-01-31T12:32:00
451,ANC-SRV-88450,254,Airport Protocol,427.77,Pending,2026-03-26T23:15:00
452,ANC-SRV-88451,124,Visa Advisory,442.33,Unbilled-Leakage,2026-03-23T13:34:00
453,ANC-SRV-88452,43,Car Hire Private,439.65,Pending,2026-08-02T18:19:00
454,ANC-SRV-88453,286,Visa Advisory,454.86,Unbilled-Leakage,2026-08-02T09:09:00
455,ANC-SRV-88454,386,Visa Advisory,190.92,Pending,21-05-2026 04:40
456,ANC-SRV-88455,7,Visa Advisory,102.4,Unbilled-Leakage,2026-07-23T10:01:00
457,ANC-SRV-88456,355,Car Hire Private,82.31,Billed,2026-05-21T02:41:00
458,ANC-SRV-88457,375,Visa Advisory,233.07,Billed,2026-06-27T20:53:00
459,ANC-SRV-88458,209,Car Hire Private,179.16,Unbilled-Leakage,2026-09-07T20:34:00
460,ANC-SRV-88459,487,Visa Advisory,549.52,Pending,22-06-2026 18:02
461,ANC-SRV-88460,112,Airport Protocol,598.21,Pending,30-07-2026 19:43
462,ANC-SRV-88461,68,Visa Advisory,566.63,Billed,2026-08-16T02:36:00
463,ANC-SRV-88462,184,Visa Advisory,581.97,Billed,2026-09-07T20:34:00
464,ANC-SRV-88463,152,Visa Advisory,379.03,Billed,2026-07-22T18:06:00
465,ANC-SRV-88464,123,Visa Advisory,461.53,Pending,2026-06-04T04:42:00
466,ANC-SRV-88465,332,Airport Protocol,75.03,Pending,2026-03-09T22:41:00
467,ANC-SRV-88466,47,Car Hire Private,189.51,Billed,30-05-2026 17:33
468,ANC-SRV-88467,9,Visa Advisory,390.81,Billed,11-08-2026 08:40
469,ANC-SRV-88468,246,Visa Advisory,216.38,Pending,2026-08-02T09:09:00
470,ANC-SRV-88469,343,Visa Advisory,267.08,Pending,2026-06-27T20:53:00
471,ANC-SRV-88470,157,Airport Protocol,254.0,Pending,2026-04-09T10:32:00
472,ANC-SRV-88471,83,Airport Protocol,582.43,Unbilled-Leakage,2026-04-24T04:12:00
473,ANC-SRV-88472,361,Visa Advisory,357.76,Billed,2026-02-19T00:13:00
474,ANC-SRV-88473,236,Visa Advisory,369.27,Billed,2026-03-02T04:06:00
475,ANC-SRV-88474,440,Visa Advisory,193.16,Pending,2026-04-15T10:41:00
476,ANC-SRV-88475,293,Visa Advisory,327.06,Pending,26-07-2026 21:20
477,ANC-SRV-88476,383,Car Hire Private,561.68,Unbilled-Leakage,2026-01-01T21:24:00
478,ANC-SRV-88477,299,Car Hire Private,532.84,Pending,2026-01-06T08:13:00
479,ANC-SRV-88478,13,Car Hire Private,122.56,Pending,2026-04-03T02:31:00
480,ANC-SRV-88479,500,Visa Advisory,224.52,Unbilled-Leakage,2026-02-01T22:08:00
481,ANC-SRV-88480,233,Airport Protocol,341.73,Unbilled-Leakage,2026-05-19T01:59:00
482,ANC-SRV-88481,238,Visa Advisory,127.99,Billed,2026-05-02T09:16:00
483,ANC-SRV-88482,396,Airport Protocol,114.26,Billed,2026-09-07T20:34:00
484,ANC-SRV-88483,71,Visa Advisory,74.29,Unbilled-Leakage,2026-02-17T12:32:00
485,ANC-SRV-88484,448,Visa Advisory,120.33,Pending,2026-05-29T12:55:00
486,ANC-SRV-88485,361,Airport Protocol,529.42,Billed,2026-07-17T22:54:00
487,ANC-SRV-88486,208,Car Hire Private,509.14,Billed,2026-03-22T23:27:00
488,ANC-SRV-88487,95,Visa Advisory,461.3,Pending,2026/03/30 15:49:00
489,ANC-SRV-88488,405,Visa Advisory,559.43,Pending,2026-07-22T08:52:00
490,ANC-SRV-88489,447,Visa Advisory,205.61,Pending,2026-07-31T01:55:00
491,ANC-SRV-88490,190,Car Hire Private,532.32,Pending,2026-08-06T03:13:00
492,ANC-SRV-88491,321,Visa Advisory,387.11,Unbilled-Leakage,2026-02-10T11:59:00
493,ANC-SRV-88492,238,Car Hire Private,468.86,Unbilled-Leakage,2026-04-24T14:23:00
494,ANC-SRV-88493,361,Visa Advisory,195.07,Pending,2026-05-19T02:36:00
495,ANC-SRV-88494,325,Visa Advisory,222.16,Billed,2026-03-25T23:29:00
496,ANC-SRV-88495,1,Car Hire Private,540.97,Pending,2026-07-31T01:55:00
497,ANC-SRV-88496,441,Airport Protocol,223.55,Billed,2026-07-31T13:35:00
498,ANC-SRV-88497,322,Visa Advisory,597.01,Billed,2026-08-03T07:20:00
499,ANC-SRV-88498,37,Visa Advisory,470.02,Unbilled-Leakage,2026-04-20T21:21:00
500,ANC-SRV-88499,198,Visa Advisory,133.2,Unbilled-Leakage,2026-02-27T18:07:00
